id,reg_plate,make,model,color,owner_name,engine_no,chassis_no
83811,DL09AI3810,Tata,Nexon,Red,Vikas Malhotra,ENG000083811,CHS00000083811
14593,DL02AB4592,Honda,Amaze,White,Deepak Mehta,ENG000014593,CHS00000014593
3279,DL01AA3278,Mahindra,XUV700,Silver,Rohit Sharma,ENG000003279,CHS00000003279
97197,DL10AJ7196,Tata,Nexon,Grey,Deepak Mishra,ENG000097197,CHS00000097197
36049,DL04AD6048,Hyundai,Creta,Green,Vikas Sharma,ENG000036049,CHS00000036049
32099,DL04AD2098,Honda,City,Silver,Pooja Patel,ENG000032099,CHS00000032099
29257,DL03AC9256,Maruti,Baleno,Silver,Simran Gupta,ENG000029257,CHS00000029257
18290,DL02AB8289,Maruti,Swift,Grey,Kavya Yadav,ENG000018290,CHS00000018290
96531,DL10AJ6530,Maruti,Baleno,Silver,Priya Singh,ENG000096531,CHS00000096531
13435,DL02AB3434,Tata,Nexon,Brown,Simran Mehta,ENG000013435,CHS00000013435
88697,DL09AI8696,Honda,City,Grey,Rahul Mehta,ENG000088697,CHS00000088697
97081,DL10AJ7080,Maruti,Baleno,Silver,Rahul Sharma,ENG000097081,CHS00000097081
71483,DL08AH1482,Tata,Nexon,White,Priya Patel,ENG000071483,CHS00000071483
11396,DL02AB1395,Kia,Seltos,Blue,Simran Patel,ENG000011396,CHS00000011396
77398,DL08AH7397,Maruti,Swift,Blue,Rohit Mishra,ENG000077398,CHS00000077398
55303,DL06AF5302,Honda,Amaze,Black,Rohit Mishra,ENG000055303,CHS00000055303
4166,DL01AA4165,Honda,Amaze,Green,Kavya Mishra,ENG000004166,CHS00000004166
3906,DL01AA3905,Toyota,Innova,Red,Pooja Chopra,ENG000003906,CHS00000003906
12281,DL02AB2280,Honda,Amaze,Black,Vikas Gupta,ENG000012281,CHS00000012281
28658,DL03AC8657,Mahindra,XUV700,Grey,Anjali Chopra,ENG000028658,CHS00000028658
30496,DL04AD0495,Hyundai,Creta,Green,Anjali Gupta,ENG000030496,CHS00000030496
66238,DL07AG6237,Maruti,Baleno,Black,Arjun Mehta,ENG000066238,CHS00000066238
78908,DL08AH8907,Honda,Amaze,Brown,Pooja Mehta,ENG000078908,CHS00000078908
3479,DL01AA3478,Tata,Nexon,Black,Kavya Yadav,ENG000003479,CHS00000003479
73564,DL08AH3563,Kia,Seltos,Blue,Vikas Gupta,ENG000073564,CHS00000073564
26063,DL03AC6062,Hyundai,Creta,Brown,Vikas Verma,ENG000026063,CHS00000026063
93851,DL10AJ3850,Honda,City,Red,Rohit Verma,ENG000093851,CHS00000093851
85182,DL09AI5181,Maruti,Swift,Green,Anjali Mehta,ENG000085182,CHS00000085182
91925,DL10AJ1924,Maruti,Baleno,Green,Arjun Mehta,ENG000091925,CHS00000091925
71427,DL08AH1426,Toyota,Innova,Blue,Deepak Chopra,ENG000071427,CHS00000071427
54988,DL06AF4987,Tata,Nexon,Green,Pooja Bansal,ENG000054988,CHS00000054988
28894,DL03AC8893,Honda,Amaze,Black,Arjun Mehta,ENG000028894,CHS00000028894
58879,DL06AF8878,Tata,Nexon,Grey,Arjun Mishra,ENG000058879,CHS00000058879
77237,DL08AH7236,Tata,Nexon,Grey,Manish Verma,ENG000077237,CHS00000077237
36464,DL04AD6463,Hyundai,Creta,Grey,Anjali Singh,ENG000036464,CHS00000036464
852,DL01AA0851,Toyota,Innova,Red,Anjali Yadav,ENG000000852,CHS00000000852
99459,DL10AJ9458,Tata,Punch,White,Deepak Malhotra,ENG000099459,CHS00000099459
20927,DL03AC0926,Honda,City,Silver,Pooja Yadav,ENG000020927,CHS00000020927
91507,DL10AJ1506,Honda,Amaze,White,Simran Verma,ENG000091507,CHS00000091507
55393,DL06AF5392,Hyundai,i20,Black,Rohit Kapoor,ENG000055393,CHS00000055393
44598,DL05AE4597,Hyundai,i20,Green,Arjun Mehta,ENG000044598,CHS00000044598
36422,DL04AD6421,Maruti,Baleno,Black,Priya Chopra,ENG000036422,CHS00000036422
20380,DL03AC0379,Hyundai,i20,Black,Manish Gupta,ENG000020380,CHS00000020380
28222,DL03AC8221,Mahindra,XUV700,Grey,Arjun Gupta,ENG000028222,CHS00000028222
44119,DL05AE4118,Honda,City,Red,Manish Mehta,ENG000044119,CHS00000044119
13397,DL02AB3396,Tata,Punch,Silver,Neha Gupta,ENG000013397,CHS00000013397
12157,DL02AB2156,Kia,Seltos,White,Rahul Mehta,ENG000012157,CHS00000012157
49798,DL05AE9797,Honda,City,Silver,Arjun Mehta,ENG000049798,CHS00000049798
12677,DL02AB2676,Tata,Punch,White,Deepak Verma,ENG000012677,CHS00000012677
47053,DL05AE7052,Tata,Punch,Grey,Priya Mishra,ENG000047053,CHS00000047053
45083,DL05AE5082,Hyundai,i20,Grey,Deepak Malhotra,ENG000045083,CHS00000045083
79132,DL08AH9131,Hyundai,i20,Grey,Pooja Gupta,ENG000079132,CHS00000079132
34672,DL04AD4671,Kia,Seltos,Brown,Kavya Chopra,ENG000034672,CHS00000034672
5696,DL01AA5695,Maruti,Swift,Green,Pooja Singh,ENG000005696,CHS00000005696
95648,DL10AJ5647,Tata,Nexon,Blue,Rahul Gupta,ENG000095648,CHS00000095648
60218,DL07AG0217,Honda,Amaze,Brown,Rahul Yadav,ENG000060218,CHS00000060218
70285,DL08AH0284,Tata,Punch,Brown,Anjali Mishra,ENG000070285,CHS00000070285
16362,DL02AB6361,Hyundai,i20,Brown,Kavya Sharma,ENG000016362,CHS00000016362
49616,DL05AE9615,Hyundai,i20,Grey,Vikas Sharma,ENG000049616,CHS00000049616
10329,DL02AB0328,Honda,City,Brown,Neha Gupta,ENG000010329,CHS00000010329
72358,DL08AH2357,Maruti,Swift,Brown,Pooja Mishra,ENG000072358,CHS00000072358
38428,DL04AD8427,Tata,Punch,Black,Kavya Malhotra,ENG000038428,CHS00000038428
82398,DL09AI2397,Toyota,Innova,Silver,Deepak Mehta,ENG000082398,CHS00000082398
81071,DL09AI1070,Honda,City,Grey,Manish Malhotra,ENG000081071,CHS00000081071
47401,DL05AE7400,Toyota,Innova,Brown,Vikas Gupta,ENG000047401,CHS00000047401
75675,DL08AH5674,Hyundai,i20,Brown,Simran Singh,ENG000075675,CHS00000075675
25204,DL03AC5203,Mahindra,XUV700,Grey,Rohit Verma,ENG000025204,CHS00000025204
92350,DL10AJ2349,Hyundai,Creta,Green,Rahul Yadav,ENG000092350,CHS00000092350
9117,DL01AA9116,Tata,Nexon,Silver,Priya Verma,ENG000009117,CHS00000009117
6007,DL01AA6006,Hyundai,Creta,Brown,Simran Bansal,ENG000006007,CHS00000006007
86674,DL09AI6673,Tata,Nexon,Silver,Deepak Verma,ENG000086674,CHS00000086674
29872,DL03AC9871,Maruti,Swift,Grey,Rohit Chopra,ENG000029872,CHS00000029872
37931,DL04AD7930,Maruti,Baleno,Brown,Simran Kapoor,ENG000037931,CHS00000037931
10459,DL02AB0458,Maruti,Baleno,Grey,Kavya Malhotra,ENG000010459,CHS00000010459
30513,DL04AD0512,Tata,Punch,White,Simran Yadav,ENG000030513,CHS00000030513
13239,DL02AB3238,Maruti,Swift,Black,Pooja Kapoor,ENG000013239,CHS00000013239
49824,DL05AE9823,Tata,Nexon,Red,Pooja Patel,ENG000049824,CHS00000049824
36435,DL04AD6434,Hyundai,i20,Brown,Vikas Verma,ENG000036435,CHS00000036435
59430,DL06AF9429,Honda,City,White,Vikas Verma,ENG000059430,CHS00000059430
83321,DL09AI3320,Mahindra,XUV700,Grey,Anjali Mehta,ENG000083321,CHS00000083321
47820,DL05AE7819,Kia,Seltos,Blue,Vikas Sharma,ENG000047820,CHS00000047820
21320,DL03AC1319,Tata,Punch,Brown,Rahul Singh,ENG000021320,CHS00000021320
48521,DL05AE8520,Hyundai,Creta,White,Pooja Malhotra,ENG000048521,CHS00000048521
46567,DL05AE6566,Tata,Punch,Black,Neha Verma,ENG000046567,CHS00000046567
27461,DL03AC7460,Toyota,Innova,Red,Neha Sharma,ENG000027461,CHS00000027461
87842,DL09AI7841,Honda,City,Silver,Rahul Singh,ENG000087842,CHS00000087842
34994,DL04AD4993,Mahindra,XUV700,Red,Rohit Yadav,ENG000034994,CHS00000034994
91989,DL10AJ1988,Honda,City,Red,Rahul Mishra,ENG000091989,CHS00000091989
89594,DL09AI9593,Honda,City,Black,Arjun Mishra,ENG000089594,CHS00000089594
84940,DL09AI4939,Mahindra,XUV700,Red,Pooja Sharma,ENG000084940,CHS00000084940
9359,DL01AA9358,Toyota,Innova,Silver,Deepak Sharma,ENG000009359,CHS00000009359
79841,DL08AH9840,Hyundai,Creta,Blue,Pooja Sharma,ENG000079841,CHS00000079841
83228,DL09AI3227,Tata,Punch,Black,Vikas Singh,ENG000083228,CHS00000083228
22432,DL03AC2431,Maruti,Baleno,Grey,Manish Malhotra,ENG000022432,CHS00000022432
70011,DL08AH0010,Tata,Punch,Grey,Arjun Chopra,ENG000070011,CHS00000070011
95569,DL10AJ5568,Hyundai,i20,Brown,Anjali Bansal,ENG000095569,CHS00000095569
32088,DL04AD2087,Hyundai,i20,Brown,Priya Malhotra,ENG000032088,CHS00000032088
21418,DL03AC1417,Honda,Amaze,Blue,Rohit Kapoor,ENG000021418,CHS00000021418
60590,DL07AG0589,Mahindra,XUV700,Green,Pooja Malhotra,ENG000060590,CHS00000060590
49736,DL05AE9735,Maruti,Baleno,Black,Rahul Verma,ENG000049736,CHS00000049736
35383,DL04AD5382,Hyundai,Creta,Grey,Rahul Sharma,ENG000035383,CHS00000035383
83887,DL09AI3886,Maruti,Swift,Brown,Kavya Bansal,ENG000083887,CHS00000083887
90199,DL10AJ0198,Kia,Seltos,White,Anjali Mehta,ENG000090199,CHS00000090199
73001,DL08AH3000,Honda,City,Silver,Priya Bansal,ENG000073001,CHS00000073001
28786,DL03AC8785,Tata,Nexon,White,Pooja Sharma,ENG000028786,CHS00000028786
89734,DL09AI9733,Honda,Amaze,Blue,Simran Kapoor,ENG000089734,CHS00000089734
42505,DL05AE2504,Honda,City,Grey,Neha Gupta,ENG000042505,CHS00000042505
7332,DL01AA7331,Tata,Nexon,Green,Simran Malhotra,ENG000007332,CHS00000007332
30022,DL04AD0021,Maruti,Baleno,Red,Simran Malhotra,ENG000030022,CHS00000030022
4208,DL01AA4207,Mahindra,XUV700,Blue,Pooja Singh,ENG000004208,CHS00000004208
41348,DL05AE1347,Maruti,Swift,Silver,Arjun Bansal,ENG000041348,CHS00000041348
52582,DL06AF2581,Tata,Nexon,Grey,Rahul Kapoor,ENG000052582,CHS00000052582
35094,DL04AD5093,Hyundai,i20,Red,Vikas Mehta,ENG000035094,CHS00000035094
8676,DL01AA8675,Maruti,Swift,Silver,Deepak Mishra,ENG000008676,CHS00000008676
27654,DL03AC7653,Hyundai,Creta,Red,Rohit Mishra,ENG000027654,CHS00000027654
74342,DL08AH4341,Toyota,Innova,Silver,Rohit Sharma,ENG000074342,CHS00000074342
94099,DL10AJ4098,Mahindra,XUV700,Blue,Pooja Gupta,ENG000094099,CHS00000094099
41246,DL05AE1245,Honda,City,Grey,Pooja Singh,ENG000041246,CHS00000041246
27870,DL03AC7869,Toyota,Innova,Grey,Simran Patel,ENG000027870,CHS00000027870
85910,DL09AI5909,Maruti,Baleno,Brown,Neha Patel,ENG000085910,CHS00000085910
65436,DL07AG5435,Kia,Seltos,Brown,Rohit Mishra,ENG000065436,CHS00000065436
51857,DL06AF1856,Maruti,Swift,Green,Manish Mehta,ENG000051857,CHS00000051857
84260,DL09AI4259,Tata,Punch,Brown,Kavya Mishra,ENG000084260,CHS00000084260
60143,DL07AG0142,Tata,Punch,Green,Priya Kapoor,ENG000060143,CHS00000060143
18727,DL02AB8726,Honda,City,Blue,Kavya Kapoor,ENG000018727,CHS00000018727
34719,DL04AD4718,Mahindra,XUV700,White,Anjali Chopra,ENG000034719,CHS00000034719
18302,DL02AB8301,Hyundai,Creta,Brown,Priya Gupta,ENG000018302,CHS00000018302
32326,DL04AD2325,Honda,City,Silver,Neha Patel,ENG000032326,CHS00000032326
97648,DL10AJ7647,Kia,Seltos,Silver,Simran Chopra,ENG000097648,CHS00000097648
73580,DL08AH3579,Honda,Amaze,Green,Kavya Verma,ENG000073580,CHS00000073580
70645,DL08AH0644,Maruti,Swift,White,Simran Bansal,ENG000070645,CHS00000070645
34439,DL04AD4438,Hyundai,Creta,Red,Rahul Gupta,ENG000034439,CHS00000034439
97913,DL10AJ7912,Mahindra,XUV700,Red,Neha Bansal,ENG000097913,CHS00000097913
76623,DL08AH6622,Mahindra,XUV700,Black,Anjali Mehta,ENG000076623,CHS00000076623
56156,DL06AF6155,Maruti,Swift,Red,Simran Mehta,ENG000056156,CHS00000056156
76485,DL08AH6484,Kia,Seltos,Black,Arjun Bansal,ENG000076485,CHS00000076485
52351,DL06AF2350,Maruti,Baleno,Brown,Arjun Patel,ENG000052351,CHS00000052351
47448,DL05AE7447,Tata,Punch,Brown,Deepak Singh,ENG000047448,CHS00000047448
28747,DL03AC8746,Honda,City,Green,Kavya Mishra,ENG000028747,CHS00000028747
18132,DL02AB8131,Honda,City,Grey,Manish Mishra,ENG000018132,CHS00000018132
66785,DL07AG6784,Honda,Amaze,Silver,Simran Yadav,ENG000066785,CHS00000066785
64687,DL07AG4686,Hyundai,i20,Silver,Simran Mehta,ENG000064687,CHS00000064687
11916,DL02AB1915,Maruti,Swift,Green,Anjali Yadav,ENG000011916,CHS00000011916
99062,DL10AJ9061,Honda,City,Black,Pooja Sharma,ENG000099062,CHS00000099062
6176,DL01AA6175,Tata,Nexon,Green,Neha Yadav,ENG000006176,CHS00000006176
14372,DL02AB4371,Tata,Nexon,Green,Vikas Yadav,ENG000014372,CHS00000014372
20034,DL03AC0033,Honda,City,Blue,Vikas Singh,ENG000020034,CHS00000020034
82241,DL09AI2240,Hyundai,Creta,Brown,Neha Bansal,ENG000082241,CHS00000082241
20970,DL03AC0969,Hyundai,i20,White,Priya Malhotra,ENG000020970,CHS00000020970
89193,DL09AI9192,Mahindra,XUV700,Silver,Kavya Mehta,ENG000089193,CHS00000089193
55334,DL06AF5333,Honda,Amaze,Grey,Deepak Sharma,ENG000055334,CHS00000055334
78173,DL08AH8172,Hyundai,i20,Red,Manish Yadav,ENG000078173,CHS00000078173
8327,DL01AA8326,Hyundai,Creta,White,Rohit Singh,ENG000008327,CHS00000008327
50433,DL06AF0432,Maruti,Baleno,Grey,Pooja Mishra,ENG000050433,CHS00000050433
50020,DL06AF0019,Honda,Amaze,Black,Priya Malhotra,ENG000050020,CHS00000050020
78105,DL08AH8104,Tata,Punch,Black,Anjali Gupta,ENG000078105,CHS00000078105
61349,DL07AG1348,Toyota,Innova,Blue,Pooja Yadav,ENG000061349,CHS00000061349
69353,DL07AG9352,Tata,Punch,White,Simran Gupta,ENG000069353,CHS00000069353
32954,DL04AD2953,Kia,Seltos,Blue,Pooja Sharma,ENG000032954,CHS00000032954
72513,DL08AH2512,Honda,Amaze,Silver,Simran Mehta,ENG000072513,CHS00000072513
1505,DL01AA1504,Honda,City,Black,Simran Patel,ENG000001505,CHS00000001505
89167,DL09AI9166,Toyota,Innova,Blue,Anjali Mehta,ENG000089167,CHS00000089167
94467,DL10AJ4466,Toyota,Innova,White,Anjali Singh,ENG000094467,CHS00000094467
15015,DL02AB5014,Honda,Amaze,Blue,Rahul Patel,ENG000015015,CHS00000015015
89354,DL09AI9353,Tata,Punch,Silver,Kavya Bansal,ENG000089354,CHS00000089354
70382,DL08AH0381,Honda,Amaze,Brown,Arjun Mehta,ENG000070382,CHS00000070382
98420,DL10AJ8419,Tata,Nexon,Silver,Manish Mehta,ENG000098420,CHS00000098420
34974,DL04AD4973,Tata,Punch,Blue,Neha Kapoor,ENG000034974,CHS00000034974
84013,DL09AI4012,Maruti,Baleno,Red,Pooja Kapoor,ENG000084013,CHS00000084013
44588,DL05AE4587,Tata,Nexon,Silver,Simran Patel,ENG000044588,CHS00000044588
14622,DL02AB4621,Tata,Nexon,Blue,Vikas Mehta,ENG000014622,CHS00000014622
38470,DL04AD8469,Mahindra,XUV700,Blue,Rahul Verma,ENG000038470,CHS00000038470
56986,DL06AF6985,Maruti,Swift,Blue,Arjun Malhotra,ENG000056986,CHS00000056986
20731,DL03AC0730,Toyota,Innova,Black,Neha Patel,ENG000020731,CHS00000020731
59471,DL06AF9470,Hyundai,i20,Black,Pooja Mishra,ENG000059471,CHS00000059471
426,DL01AA0425,Hyundai,i20,White,Arjun Yadav,ENG000000426,CHS00000000426
94647,DL10AJ4646,Kia,Seltos,Red,Neha Patel,ENG000094647,CHS00000094647
94330,DL10AJ4329,Toyota,Innova,Grey,Deepak Bansal,ENG000094330,CHS00000094330
34523,DL04AD4522,Tata,Punch,Silver,Neha Bansal,ENG000034523,CHS00000034523
65613,DL07AG5612,Mahindra,XUV700,Blue,Vikas Mishra,ENG000065613,CHS00000065613
99872,DL10AJ9871,Mahindra,XUV700,Silver,Rahul Gupta,ENG000099872,CHS00000099872
23417,DL03AC3416,Hyundai,Creta,Green,Rohit Bansal,ENG000023417,CHS00000023417
66543,DL07AG6542,Honda,City,Grey,Deepak Mishra,ENG000066543,CHS00000066543
13948,DL02AB3947,Mahindra,XUV700,Green,Rohit Kapoor,ENG000013948,CHS00000013948
81960,DL09AI1959,Mahindra,XUV700,Grey,Rahul Gupta,ENG000081960,CHS00000081960
39118,DL04AD9117,Toyota,Innova,Black,Neha Patel,ENG000039118,CHS00000039118
83749,DL09AI3748,Kia,Seltos,Black,Simran Sharma,ENG000083749,CHS00000083749
66541,DL07AG6540,Maruti,Swift,Brown,Deepak Mishra,ENG000066541,CHS00000066541
79819,DL08AH9818,Maruti,Baleno,Grey,Pooja Chopra,ENG000079819,CHS00000079819
26072,DL03AC6071,Honda,Amaze,Grey,Priya Gupta,ENG000026072,CHS00000026072
20033,DL03AC0032,Mahindra,XUV700,Black,Neha Sharma,ENG000020033,CHS00000020033
49010,DL05AE9009,Tata,Nexon,Green,Anjali Chopra,ENG000049010,CHS00000049010
99944,DL10AJ9943,Maruti,Swift,Red,Rahul Patel,ENG000099944,CHS00000099944
21175,DL03AC1174,Maruti,Baleno,Blue,Vikas Mishra,ENG000021175,CHS00000021175
70698,DL08AH0697,Maruti,Baleno,Red,Simran Kapoor,ENG000070698,CHS00000070698
69515,DL07AG9514,Tata,Nexon,White,Pooja Gupta,ENG000069515,CHS00000069515
75,DL01AA0074,Honda,Amaze,Black,Kavya Malhotra,ENG000000075,CHS00000000075
78505,DL08AH8504,Tata,Punch,Black,Rohit Patel,ENG000078505,CHS00000078505
42488,DL05AE2487,Tata,Nexon,Green,Rahul Chopra,ENG000042488,CHS00000042488
64043,DL07AG4042,Toyota,Innova,Silver,Priya Malhotra,ENG000064043,CHS00000064043
2553,DL01AA2552,Hyundai,i20,Blue,Simran Sharma,ENG000002553,CHS00000002553
14663,DL02AB4662,Maruti,Swift,Blue,Neha Patel,ENG000014663,CHS00000014663
47577,DL05AE7576,Hyundai,i20,White,Pooja Patel,ENG000047577,CHS00000047577
40307,DL05AE0306,Honda,Amaze,Black,Kavya Gupta,ENG000040307,CHS00000040307
31386,DL04AD1385,Tata,Nexon,Green,Simran Patel,ENG000031386,CHS00000031386
7593,DL01AA7592,Tata,Punch,Brown,Manish Gupta,ENG000007593,CHS00000007593
31572,DL04AD1571,Maruti,Swift,Brown,Priya Malhotra,ENG000031572,CHS00000031572
74365,DL08AH4364,Hyundai,i20,White,Anjali Sharma,ENG000074365,CHS00000074365
10323,DL02AB0322,Tata,Punch,White,Rahul Verma,ENG000010323,CHS00000010323
11227,DL02AB1226,Mahindra,XUV700,Red,Anjali Mehta,ENG000011227,CHS00000011227
95933,DL10AJ5932,Maruti,Swift,Black,Priya Yadav,ENG000095933,CHS00000095933
63700,DL07AG3699,Toyota,Innova,Red,Anjali Sharma,ENG000063700,CHS00000063700
9072,DL01AA9071,Maruti,Swift,White,Simran Bansal,ENG000009072,CHS00000009072
99694,DL10AJ9693,Honda,Amaze,Brown,Arjun Chopra,ENG000099694,CHS00000099694
69823,DL07AG9822,Maruti,Swift,Red,Priya Sharma,ENG000069823,CHS00000069823
16484,DL02AB6483,Mahindra,XUV700,Red,Vikas Gupta,ENG000016484,CHS00000016484
16829,DL02AB6828,Hyundai,Creta,Black,Arjun Mehta,ENG000016829,CHS00000016829
86475,DL09AI6474,Honda,City,Grey,Rohit Bansal,ENG000086475,CHS00000086475
62297,DL07AG2296,Toyota,Innova,Grey,Kavya Gupta,ENG000062297,CHS00000062297
72064,DL08AH2063,Tata,Nexon,Silver,Pooja Verma,ENG000072064,CHS00000072064
21644,DL03AC1643,Maruti,Baleno,Blue,Simran Verma,ENG000021644,CHS00000021644
34742,DL04AD4741,Tata,Punch,Red,Rahul Malhotra,ENG000034742,CHS00000034742
69164,DL07AG9163,Mahindra,XUV700,Black,Arjun Yadav,ENG000069164,CHS00000069164
79508,DL08AH9507,Maruti,Swift,Brown,Arjun Mishra,ENG000079508,CHS00000079508
55462,DL06AF5461,Kia,Seltos,Brown,Rohit Bansal,ENG000055462,CHS00000055462
27761,DL03AC7760,Hyundai,i20,Green,Kavya Bansal,ENG000027761,CHS00000027761
70687,DL08AH0686,Hyundai,i20,Red,Simran Yadav,ENG000070687,CHS00000070687
98995,DL10AJ8994,Hyundai,Creta,Brown,Simran Kapoor,ENG000098995,CHS00000098995
95674,DL10AJ5673,Maruti,Baleno,Silver,Priya Verma,ENG000095674,CHS00000095674
90423,DL10AJ0422,Tata,Nexon,Red,Rahul Singh,ENG000090423,CHS00000090423
26366,DL03AC6365,Maruti,Baleno,Silver,Manish Bansal,ENG000026366,CHS00000026366
93448,DL10AJ3447,Mahindra,XUV700,Silver,Anjali Verma,ENG000093448,CHS00000093448
40858,DL05AE0857,Honda,City,Silver,Priya Sharma,ENG000040858,CHS00000040858
52297,DL06AF2296,Hyundai,i20,Silver,Anjali Mishra,ENG000052297,CHS00000052297
88040,DL09AI8039,Toyota,Innova,Brown,Neha Sharma,ENG000088040,CHS00000088040
85181,DL09AI5180,Honda,City,Blue,Arjun Kapoor,ENG000085181,CHS00000085181
48945,DL05AE8944,Mahindra,XUV700,Silver,Deepak Patel,ENG000048945,CHS00000048945
57423,DL06AF7422,Maruti,Swift,Red,Rahul Sharma,ENG000057423,CHS00000057423
67840,DL07AG7839,Tata,Punch,Silver,Pooja Verma,ENG000067840,CHS00000067840
59178,DL06AF9177,Honda,City,Black,Rohit Mehta,ENG000059178,CHS00000059178
15861,DL02AB5860,Toyota,Innova,White,Deepak Malhotra,ENG000015861,CHS00000015861
32494,DL04AD2493,Tata,Punch,Brown,Rohit Verma,ENG000032494,CHS00000032494
29452,DL03AC9451,Toyota,Innova,Grey,Arjun Mishra,ENG000029452,CHS00000029452
8393,DL01AA8392,Mahindra,XUV700,White,Anjali Chopra,ENG000008393,CHS00000008393
44314,DL05AE4313,Maruti,Swift,Brown,Pooja Bansal,ENG000044314,CHS00000044314
2758,DL01AA2757,Honda,City,Red,Vikas Yadav,ENG000002758,CHS00000002758
77111,DL08AH7110,Honda,Amaze,Silver,Kavya Verma,ENG000077111,CHS00000077111
72604,DL08AH2603,Honda,City,Blue,Simran Malhotra,ENG000072604,CHS00000072604
30162,DL04AD0161,Tata,Nexon,White,Anjali Singh,ENG000030162,CHS00000030162
77129,DL08AH7128,Honda,City,Green,Manish Chopra,ENG000077129,CHS00000077129
28865,DL03AC8864,Tata,Punch,Silver,Rohit Patel,ENG000028865,CHS00000028865
943,DL01AA0942,Mahindra,XUV700,Black,Rahul Sharma,ENG000000943,CHS00000000943
9306,DL01AA9305,Maruti,Baleno,Grey,Priya Bansal,ENG000009306,CHS00000009306
92779,DL10AJ2778,Honda,City,Silver,Kavya Mishra,ENG000092779,CHS00000092779
82720,DL09AI2719,Honda,City,Blue,Arjun Chopra,ENG000082720,CHS00000082720
7717,DL01AA7716,Honda,Amaze,Black,Simran Mehta,ENG000007717,CHS00000007717
30008,DL04AD0007,Toyota,Innova,Grey,Arjun Mehta,ENG000030008,CHS00000030008
8835,DL01AA8834,Mahindra,XUV700,Red,Kavya Verma,ENG000008835,CHS00000008835
4118,DL01AA4117,Maruti,Baleno,Green,Manish Verma,ENG000004118,CHS00000004118
43310,DL05AE3309,Maruti,Baleno,Red,Neha Yadav,ENG000043310,CHS00000043310
9288,DL01AA9287,Maruti,Swift,Black,Arjun Kapoor,ENG000009288,CHS00000009288
67392,DL07AG7391,Tata,Nexon,White,Vikas Mehta,ENG000067392,CHS00000067392
31196,DL04AD1195,Hyundai,Creta,Blue,Neha Chopra,ENG000031196,CHS00000031196
36501,DL04AD6500,Honda,Amaze,Grey,Priya Singh,ENG000036501,CHS00000036501
87685,DL09AI7684,Tata,Nexon,White,Manish Singh,ENG000087685,CHS00000087685
63625,DL07AG3624,Honda,City,Black,Deepak Mehta,ENG000063625,CHS00000063625
28081,DL03AC8080,Maruti,Baleno,Silver,Rahul Mehta,ENG000028081,CHS00000028081
70679,DL08AH0678,Tata,Nexon,White,Simran Yadav,ENG000070679,CHS00000070679
17343,DL02AB7342,Maruti,Swift,Silver,Priya Kapoor,ENG000017343,CHS00000017343
94812,DL10AJ4811,Hyundai,i20,White,Vikas Bansal,ENG000094812,CHS00000094812
74848,DL08AH4847,Mahindra,XUV700,Blue,Pooja Malhotra,ENG000074848,CHS00000074848
75526,DL08AH5525,Maruti,Baleno,Brown,Pooja Chopra,ENG000075526,CHS00000075526
61954,DL07AG1953,Hyundai,i20,White,Simran Mishra,ENG000061954,CHS00000061954
31851,DL04AD1850,Hyundai,Creta,Silver,Deepak Gupta,ENG000031851,CHS00000031851
61994,DL07AG1993,Hyundai,i20,Brown,Anjali Kapoor,ENG000061994,CHS00000061994
53355,DL06AF3354,Hyundai,Creta,Grey,Arjun Gupta,ENG000053355,CHS00000053355
24958,DL03AC4957,Mahindra,XUV700,White,Kavya Kapoor,ENG000024958,CHS00000024958
12364,DL02AB2363,Tata,Punch,Green,Pooja Chopra,ENG000012364,CHS00000012364
12705,DL02AB2704,Maruti,Baleno,Blue,Rohit Gupta,ENG000012705,CHS00000012705
86375,DL09AI6374,Hyundai,i20,Black,Deepak Bansal,ENG000086375,CHS00000086375
56499,DL06AF6498,Toyota,Innova,Blue,Deepak Bansal,ENG000056499,CHS00000056499
46439,DL05AE6438,Honda,Amaze,Grey,Rohit Bansal,ENG000046439,CHS00000046439
55520,DL06AF5519,Toyota,Innova,Green,Simran Chopra,ENG000055520,CHS00000055520
53884,DL06AF3883,Hyundai,i20,White,Kavya Chopra,ENG000053884,CHS00000053884
61214,DL07AG1213,Tata,Punch,White,Rohit Verma,ENG000061214,CHS00000061214
95562,DL10AJ5561,Tata,Nexon,Green,Simran Kapoor,ENG000095562,CHS00000095562
7101,DL01AA7100,Tata,Punch,Silver,Kavya Patel,ENG000007101,CHS00000007101
88260,DL09AI8259,Toyota,Innova,Black,Kavya Patel,ENG000088260,CHS00000088260
85650,DL09AI5649,Hyundai,Creta,Silver,Simran Singh,ENG000085650,CHS00000085650
84697,DL09AI4696,Kia,Seltos,White,Priya Mishra,ENG000084697,CHS00000084697
12900,DL02AB2899,Toyota,Innova,Grey,Vikas Patel,ENG000012900,CHS00000012900
7945,DL01AA7944,Mahindra,XUV700,Silver,Simran Malhotra,ENG000007945,CHS00000007945
52773,DL06AF2772,Mahindra,XUV700,Black,Vikas Verma,ENG000052773,CHS00000052773
95449,DL10AJ5448,Hyundai,Creta,Grey,Neha Patel,ENG000095449,CHS00000095449
44474,DL05AE4473,Honda,Amaze,Red,Simran Singh,ENG000044474,CHS00000044474
14323,DL02AB4322,Hyundai,Creta,Silver,Rohit Mishra,ENG000014323,CHS00000014323
32592,DL04AD2591,Tata,Nexon,Grey,Pooja Singh,ENG000032592,CHS00000032592
25113,DL03AC5112,Mahindra,XUV700,Silver,Rohit Mishra,ENG000025113,CHS00000025113
24932,DL03AC4931,Toyota,Innova,Blue,Arjun Yadav,ENG000024932,CHS00000024932
70293,DL08AH0292,Kia,Seltos,Brown,Rahul Sharma,ENG000070293,CHS00000070293
58801,DL06AF8800,Maruti,Baleno,Grey,Rohit Bansal,ENG000058801,CHS00000058801
18374,DL02AB8373,Toyota,Innova,White,Priya Kapoor,ENG000018374,CHS00000018374
55297,DL06AF5296,Tata,Punch,Blue,Anjali Singh,ENG000055297,CHS00000055297
24051,DL03AC4050,Tata,Punch,Red,Neha Sharma,ENG000024051,CHS00000024051
36510,DL04AD6509,Kia,Seltos,Grey,Manish Gupta,ENG000036510,CHS00000036510
60638,DL07AG0637,Mahindra,XUV700,Brown,Kavya Mehta,ENG000060638,CHS00000060638
32743,DL04AD2742,Hyundai,Creta,Red,Vikas Chopra,ENG000032743,CHS00000032743
9881,DL01AA9880,Tata,Nexon,Green,Pooja Patel,ENG000009881,CHS00000009881
58083,DL06AF8082,Toyota,Innova,Blue,Deepak Chopra,ENG000058083,CHS00000058083
72133,DL08AH2132,Honda,Amaze,Red,Manish Yadav,ENG000072133,CHS00000072133
12834,DL02AB2833,Tata,Nexon,Grey,Priya Gupta,ENG000012834,CHS00000012834
6631,DL01AA6630,Tata,Punch,Silver,Rahul Mehta,ENG000006631,CHS00000006631
85478,DL09AI5477,Honda,City,Brown,Rohit Malhotra,ENG000085478,CHS00000085478
70856,DL08AH0855,Tata,Punch,Green,Kavya Bansal,ENG000070856,CHS00000070856
1935,DL01AA1934,Maruti,Baleno,Black,Manish Gupta,ENG000001935,CHS00000001935
12225,DL02AB2224,Tata,Punch,Green,Neha Kapoor,ENG000012225,CHS00000012225
98772,DL10AJ8771,Hyundai,Creta,Black,Rahul Mishra,ENG000098772,CHS00000098772
30983,DL04AD0982,Toyota,Innova,Black,Arjun Patel,ENG000030983,CHS00000030983
21799,DL03AC1798,Mahindra,XUV700,Black,Anjali Gupta,ENG000021799,CHS00000021799
53270,DL06AF3269,Hyundai,i20,White,Neha Chopra,ENG000053270,CHS00000053270
63654,DL07AG3653,Maruti,Swift,Red,Rohit Sharma,ENG000063654,CHS00000063654
63093,DL07AG3092,Maruti,Baleno,Brown,Anjali Verma,ENG000063093,CHS00000063093
28017,DL03AC8016,Mahindra,XUV700,Black,Priya Mishra,ENG000028017,CHS00000028017
52566,DL06AF2565,Kia,Seltos,White,Simran Yadav,ENG000052566,CHS00000052566
7686,DL01AA7685,Honda,Amaze,Silver,Anjali Mehta,ENG000007686,CHS00000007686
21580,DL03AC1579,Maruti,Baleno,Blue,Deepak Malhotra,ENG000021580,CHS00000021580
49673,DL05AE9672,Honda,Amaze,Silver,Neha Yadav,ENG000049673,CHS00000049673
283,DL01AA0282,Honda,Amaze,Silver,Rahul Malhotra,ENG000000283,CHS00000000283
51174,DL06AF1173,Maruti,Swift,Blue,Arjun Verma,ENG000051174,CHS00000051174
34761,DL04AD4760,Mahindra,XUV700,Brown,Deepak Sharma,ENG000034761,CHS00000034761
59639,DL06AF9638,Maruti,Swift,Grey,Vikas Gupta,ENG000059639,CHS00000059639
37389,DL04AD7388,Tata,Punch,White,Rohit Malhotra,ENG000037389,CHS00000037389
55445,DL06AF5444,Honda,City,Silver,Deepak Chopra,ENG000055445,CHS00000055445
91304,DL10AJ1303,Maruti,Swift,Red,Arjun Mehta,ENG000091304,CHS00000091304
95749,DL10AJ5748,Maruti,Baleno,Green,Kavya Bansal,ENG000095749,CHS00000095749
72846,DL08AH2845,Maruti,Baleno,Brown,Neha Singh,ENG000072846,CHS00000072846
86753,DL09AI6752,Tata,Punch,Red,Priya Bansal,ENG000086753,CHS00000086753
94164,DL10AJ4163,Maruti,Baleno,Black,Rahul Mishra,ENG000094164,CHS00000094164
63789,DL07AG3788,Maruti,Baleno,Grey,Neha Mehta,ENG000063789,CHS00000063789
20290,DL03AC0289,Tata,Punch,Brown,Rahul Kapoor,ENG000020290,CHS00000020290
24891,DL03AC4890,Kia,Seltos,Black,Arjun Kapoor,ENG000024891,CHS00000024891
38891,DL04AD8890,Tata,Nexon,Red,Manish Mishra,ENG000038891,CHS00000038891
28535,DL03AC8534,Hyundai,i20,Black,Pooja Chopra,ENG000028535,CHS00000028535
7666,DL01AA7665,Tata,Nexon,Grey,Neha Chopra,ENG000007666,CHS00000007666
75915,DL08AH5914,Tata,Nexon,Red,Arjun Singh,ENG000075915,CHS00000075915
96435,DL10AJ6434,Honda,Amaze,Red,Neha Patel,ENG000096435,CHS00000096435
71067,DL08AH1066,Maruti,Swift,Black,Pooja Mishra,ENG000071067,CHS00000071067
7990,DL01AA7989,Hyundai,i20,Red,Vikas Patel,ENG000007990,CHS00000007990
98039,DL10AJ8038,Tata,Punch,Blue,Kavya Kapoor,ENG000098039,CHS00000098039
41105,DL05AE1104,Kia,Seltos,White,Kavya Sharma,ENG000041105,CHS00000041105
7493,DL01AA7492,Hyundai,i20,Red,Manish Chopra,ENG000007493,CHS00000007493
6573,DL01AA6572,Maruti,Swift,White,Rohit Gupta,ENG000006573,CHS00000006573
76570,DL08AH6569,Kia,Seltos,White,Neha Patel,ENG000076570,CHS00000076570
62494,DL07AG2493,Honda,City,Blue,Anjali Sharma,ENG000062494,CHS00000062494
65910,DL07AG5909,Toyota,Innova,Brown,Rahul Verma,ENG000065910,CHS00000065910
69616,DL07AG9615,Tata,Punch,Green,Pooja Yadav,ENG000069616,CHS00000069616
20636,DL03AC0635,Tata,Punch,Grey,Rohit Verma,ENG000020636,CHS00000020636
7456,DL01AA7455,Hyundai,i20,Black,Rohit Mehta,ENG000007456,CHS00000007456
66563,DL07AG6562,Honda,Amaze,White,Neha Chopra,ENG000066563,CHS00000066563
10501,DL02AB0500,Maruti,Baleno,Grey,Priya Bansal,ENG000010501,CHS00000010501
24357,DL03AC4356,Toyota,Innova,Silver,Arjun Kapoor,ENG000024357,CHS00000024357
8982,DL01AA8981,Tata,Punch,Brown,Anjali Sharma,ENG000008982,CHS00000008982
77993,DL08AH7992,Maruti,Baleno,White,Simran Singh,ENG000077993,CHS00000077993
8908,DL01AA8907,Honda,Amaze,Grey,Neha Sharma,ENG000008908,CHS00000008908
88502,DL09AI8501,Honda,City,Red,Vikas Verma,ENG000088502,CHS00000088502
30829,DL04AD0828,Tata,Punch,Black,Pooja Mishra,ENG000030829,CHS00000030829
52924,DL06AF2923,Tata,Punch,Grey,Arjun Patel,ENG000052924,CHS00000052924
15714,DL02AB5713,Hyundai,i20,Brown,Anjali Sharma,ENG000015714,CHS00000015714
74669,DL08AH4668,Honda,Amaze,Red,Priya Singh,ENG000074669,CHS00000074669
32272,DL04AD2271,Honda,Amaze,White,Anjali Chopra,ENG000032272,CHS00000032272
75881,DL08AH5880,Tata,Punch,Silver,Priya Mishra,ENG000075881,CHS00000075881
77925,DL08AH7924,Mahindra,XUV700,Black,Priya Kapoor,ENG000077925,CHS00000077925
5210,DL01AA5209,Maruti,Swift,Grey,Neha Patel,ENG000005210,CHS00000005210
81184,DL09AI1183,Toyota,Innova,Green,Vikas Gupta,ENG000081184,CHS00000081184
10746,DL02AB0745,Maruti,Swift,Grey,Deepak Patel,ENG000010746,CHS00000010746
54949,DL06AF4948,Maruti,Swift,White,Arjun Kapoor,ENG000054949,CHS00000054949
86164,DL09AI6163,Hyundai,Creta,White,Pooja Bansal,ENG000086164,CHS00000086164
76504,DL08AH6503,Tata,Nexon,Brown,Deepak Malhotra,ENG000076504,CHS00000076504
74086,DL08AH4085,Honda,City,Grey,Kavya Bansal,ENG000074086,CHS00000074086
68523,DL07AG8522,Maruti,Baleno,White,Manish Gupta,ENG000068523,CHS00000068523
41468,DL05AE1467,Kia,Seltos,Blue,Pooja Patel,ENG000041468,CHS00000041468
34180,DL04AD4179,Honda,Amaze,Green,Kavya Bansal,ENG000034180,CHS00000034180
26773,DL03AC6772,Honda,City,Black,Deepak Verma,ENG000026773,CHS00000026773
87783,DL09AI7782,Honda,Amaze,Blue,Neha Malhotra,ENG000087783,CHS00000087783
93873,DL10AJ3872,Kia,Seltos,White,Rohit Chopra,ENG000093873,CHS00000093873
41181,DL05AE1180,Maruti,Baleno,Silver,Simran Singh,ENG000041181,CHS00000041181
31286,DL04AD1285,Hyundai,Creta,Blue,Simran Gupta,ENG000031286,CHS00000031286
34815,DL04AD4814,Honda,City,Silver,Priya Verma,ENG000034815,CHS00000034815
51877,DL06AF1876,Maruti,Baleno,Grey,Anjali Sharma,ENG000051877,CHS00000051877
17155,DL02AB7154,Honda,City,Silver,Neha Chopra,ENG000017155,CHS00000017155
84608,DL09AI4607,Honda,Amaze,Green,Kavya Patel,ENG000084608,CHS00000084608
39322,DL04AD9321,Tata,Nexon,Black,Pooja Patel,ENG000039322,CHS00000039322
59930,DL06AF9929,Tata,Nexon,Green,Anjali Yadav,ENG000059930,CHS00000059930
41442,DL05AE1441,Hyundai,i20,Blue,Deepak Chopra,ENG000041442,CHS00000041442
98549,DL10AJ8548,Kia,Seltos,Red,Neha Patel,ENG000098549,CHS00000098549
9509,DL01AA9508,Toyota,Innova,Silver,Arjun Gupta,ENG000009509,CHS00000009509
1221,DL01AA1220,Honda,Amaze,Red,Deepak Malhotra,ENG000001221,CHS00000001221
60069,DL07AG0068,Hyundai,i20,Grey,Priya Verma,ENG000060069,CHS00000060069
81417,DL09AI1416,Maruti,Baleno,Silver,Arjun Verma,ENG000081417,CHS00000081417
73793,DL08AH3792,Honda,Amaze,Red,Kavya Bansal,ENG000073793,CHS00000073793
13105,DL02AB3104,Maruti,Swift,Silver,Vikas Sharma,ENG000013105,CHS00000013105
9603,DL01AA9602,Maruti,Baleno,Black,Priya Mehta,ENG000009603,CHS00000009603
70469,DL08AH0468,Toyota,Innova,Red,Priya Mehta,ENG000070469,CHS00000070469
27939,DL03AC7938,Hyundai,i20,Green,Pooja Chopra,ENG000027939,CHS00000027939
66308,DL07AG6307,Honda,Amaze,White,Priya Singh,ENG000066308,CHS00000066308
17362,DL02AB7361,Maruti,Baleno,Red,Priya Patel,ENG000017362,CHS00000017362
45746,DL05AE5745,Kia,Seltos,Black,Neha Kapoor,ENG000045746,CHS00000045746
9017,DL01AA9016,Tata,Nexon,White,Rahul Yadav,ENG000009017,CHS00000009017
32019,DL04AD2018,Toyota,Innova,Brown,Pooja Bansal,ENG000032019,CHS00000032019
48435,DL05AE8434,Hyundai,Creta,White,Anjali Kapoor,ENG000048435,CHS00000048435
37354,DL04AD7353,Honda,City,Black,Deepak Patel,ENG000037354,CHS00000037354
20677,DL03AC0676,Maruti,Swift,Green,Deepak Patel,ENG000020677,CHS00000020677
57434,DL06AF7433,Hyundai,i20,Silver,Neha Mehta,ENG000057434,CHS00000057434
71201,DL08AH1200,Tata,Nexon,Black,Arjun Sharma,ENG000071201,CHS00000071201
92215,DL10AJ2214,Kia,Seltos,Silver,Pooja Yadav,ENG000092215,CHS00000092215
39652,DL04AD9651,Honda,City,Brown,Arjun Malhotra,ENG000039652,CHS00000039652
80174,DL09AI0173,Mahindra,XUV700,Grey,Pooja Chopra,ENG000080174,CHS00000080174
85718,DL09AI5717,Hyundai,Creta,Black,Pooja Yadav,ENG000085718,CHS00000085718
69330,DL07AG9329,Tata,Nexon,Silver,Deepak Patel,ENG000069330,CHS00000069330
1026,DL01AA1025,Maruti,Swift,Brown,Rahul Singh,ENG000001026,CHS00000001026
87539,DL09AI7538,Honda,City,Red,Rahul Sharma,ENG000087539,CHS00000087539
72693,DL08AH2692,Tata,Punch,Brown,Neha Chopra,ENG000072693,CHS00000072693
39241,DL04AD9240,Mahindra,XUV700,Silver,Pooja Malhotra,ENG000039241,CHS00000039241
86952,DL09AI6951,Honda,City,Black,Neha Mishra,ENG000086952,CHS00000086952
13578,DL02AB3577,Toyota,Innova,White,Rohit Singh,ENG000013578,CHS00000013578
17602,DL02AB7601,Maruti,Baleno,Black,Rahul Bansal,ENG000017602,CHS00000017602
34665,DL04AD4664,Tata,Punch,White,Simran Mishra,ENG000034665,CHS00000034665
15130,DL02AB5129,Hyundai,Creta,Red,Kavya Singh,ENG000015130,CHS00000015130
14030,DL02AB4029,Hyundai,i20,Brown,Kavya Malhotra,ENG000014030,CHS00000014030
97311,DL10AJ7310,Tata,Nexon,Silver,Vikas Mishra,ENG000097311,CHS00000097311
20375,DL03AC0374,Mahindra,XUV700,White,Kavya Mehta,ENG000020375,CHS00000020375
35698,DL04AD5697,Maruti,Baleno,White,Anjali Yadav,ENG000035698,CHS00000035698
36931,DL04AD6930,Maruti,Baleno,Red,Neha Patel,ENG000036931,CHS00000036931
79277,DL08AH9276,Hyundai,i20,White,Kavya Gupta,ENG000079277,CHS00000079277
27608,DL03AC7607,Honda,City,Brown,Anjali Patel,ENG000027608,CHS00000027608
94059,DL10AJ4058,Toyota,Innova,White,Kavya Patel,ENG000094059,CHS00000094059
44943,DL05AE4942,Maruti,Baleno,Black,Simran Patel,ENG000044943,CHS00000044943
26686,DL03AC6685,Maruti,Swift,Grey,Anjali Mehta,ENG000026686,CHS00000026686
90112,DL10AJ0111,Tata,Nexon,White,Rahul Yadav,ENG000090112,CHS00000090112
83131,DL09AI3130,Kia,Seltos,Blue,Neha Malhotra,ENG000083131,CHS00000083131
34601,DL04AD4600,Maruti,Baleno,Black,Manish Yadav,ENG000034601,CHS00000034601
66245,DL07AG6244,Maruti,Baleno,Brown,Priya Patel,ENG000066245,CHS00000066245
64033,DL07AG4032,Honda,Amaze,Red,Deepak Malhotra,ENG000064033,CHS00000064033
32915,DL04AD2914,Toyota,Innova,Grey,Rahul Bansal,ENG000032915,CHS00000032915
6659,DL01AA6658,Honda,City,Brown,Rahul Patel,ENG000006659,CHS00000006659
12098,DL02AB2097,Hyundai,i20,Blue,Rohit Singh,ENG000012098,CHS00000012098
83137,DL09AI3136,Hyundai,Creta,Green,Priya Sharma,ENG000083137,CHS00000083137
55519,DL06AF5518,Tata,Punch,White,Rohit Kapoor,ENG000055519,CHS00000055519
36266,DL04AD6265,Hyundai,i20,Blue,Pooja Malhotra,ENG000036266,CHS00000036266
5779,DL01AA5778,Honda,Amaze,Grey,Priya Sharma,ENG000005779,CHS00000005779
465,DL01AA0464,Maruti,Swift,Green,Arjun Mehta,ENG000000465,CHS00000000465
43720,DL05AE3719,Mahindra,XUV700,Red,Rohit Gupta,ENG000043720,CHS00000043720
17147,DL02AB7146,Tata,Punch,Grey,Rahul Patel,ENG000017147,CHS00000017147
83508,DL09AI3507,Honda,Amaze,Green,Pooja Singh,ENG000083508,CHS00000083508
34336,DL04AD4335,Hyundai,i20,Grey,Kavya Gupta,ENG000034336,CHS00000034336
21179,DL03AC1178,Mahindra,XUV700,White,Vikas Chopra,ENG000021179,CHS00000021179
97155,DL10AJ7154,Maruti,Baleno,Black,Rahul Gupta,ENG000097155,CHS00000097155
57913,DL06AF7912,Tata,Nexon,White,Simran Yadav,ENG000057913,CHS00000057913
72310,DL08AH2309,Tata,Punch,Grey,Deepak Mehta,ENG000072310,CHS00000072310
92494,DL10AJ2493,Toyota,Innova,Silver,Neha Singh,ENG000092494,CHS00000092494
56058,DL06AF6057,Tata,Punch,Black,Kavya Mehta,ENG000056058,CHS00000056058
73520,DL08AH3519,Tata,Nexon,White,Rahul Chopra,ENG000073520,CHS00000073520
1268,DL01AA1267,Tata,Nexon,Green,Kavya Kapoor,ENG000001268,CHS00000001268
14664,DL02AB4663,Kia,Seltos,Silver,Neha Sharma,ENG000014664,CHS00000014664
9863,DL01AA9862,Kia,Seltos,White,Anjali Sharma,ENG000009863,CHS00000009863
90574,DL10AJ0573,Toyota,Innova,Silver,Manish Yadav,ENG000090574,CHS00000090574
19537,DL02AB9536,Tata,Nexon,Black,Arjun Mishra,ENG000019537,CHS00000019537
71512,DL08AH1511,Kia,Seltos,Silver,Rahul Gupta,ENG000071512,CHS00000071512
4723,DL01AA4722,Mahindra,XUV700,White,Deepak Mehta,ENG000004723,CHS00000004723
48394,DL05AE8393,Kia,Seltos,Blue,Arjun Patel,ENG000048394,CHS00000048394
76351,DL08AH6350,Toyota,Innova,Blue,Arjun Yadav,ENG000076351,CHS00000076351
72421,DL08AH2420,Maruti,Baleno,Grey,Priya Singh,ENG000072421,CHS00000072421
19411,DL02AB9410,Hyundai,Creta,Brown,Pooja Verma,ENG000019411,CHS00000019411
56334,DL06AF6333,Tata,Punch,Black,Kavya Verma,ENG000056334,CHS00000056334
16705,DL02AB6704,Toyota,Innova,Red,Anjali Malhotra,ENG000016705,CHS00000016705
5483,DL01AA5482,Hyundai,Creta,Black,Kavya Verma,ENG000005483,CHS00000005483
40405,DL05AE0404,Maruti,Swift,Blue,Simran Bansal,ENG000040405,CHS00000040405
47796,DL05AE7795,Kia,Seltos,Silver,Pooja Sharma,ENG000047796,CHS00000047796
5230,DL01AA5229,Hyundai,i20,Green,Priya Verma,ENG000005230,CHS00000005230
46899,DL05AE6898,Mahindra,XUV700,Red,Priya Singh,ENG000046899,CHS00000046899
27536,DL03AC7535,Tata,Nexon,Blue,Anjali Bansal,ENG000027536,CHS00000027536
89400,DL09AI9399,Tata,Punch,Black,Rahul Kapoor,ENG000089400,CHS00000089400
32707,DL04AD2706,Maruti,Swift,Black,Rahul Singh,ENG000032707,CHS00000032707
87417,DL09AI7416,Tata,Nexon,Red,Pooja Singh,ENG000087417,CHS00000087417
13474,DL02AB3473,Maruti,Swift,Brown,Arjun Singh,ENG000013474,CHS00000013474
46358,DL05AE6357,Mahindra,XUV700,Silver,Neha Verma,ENG000046358,CHS00000046358
73386,DL08AH3385,Tata,Punch,Blue,Rahul Bansal,ENG000073386,CHS00000073386
53265,DL06AF3264,Honda,City,Brown,Kavya Mehta,ENG000053265,CHS00000053265
81352,DL09AI1351,Kia,Seltos,Grey,Anjali Mehta,ENG000081352,CHS00000081352
98236,DL10AJ8235,Maruti,Baleno,Red,Manish Mehta,ENG000098236,CHS00000098236
20258,DL03AC0257,Maruti,Baleno,Black,Neha Chopra,ENG000020258,CHS00000020258
31030,DL04AD1029,Maruti,Baleno,Blue,Simran Verma,ENG000031030,CHS00000031030
21300,DL03AC1299,Hyundai,i20,Green,Vikas Mehta,ENG000021300,CHS00000021300
23207,DL03AC3206,Mahindra,XUV700,Black,Anjali Yadav,ENG000023207,CHS00000023207
54041,DL06AF4040,Honda,City,Silver,Anjali Mishra,ENG000054041,CHS00000054041
3249,DL01AA3248,Maruti,Baleno,Green,Rahul Yadav,ENG000003249,CHS00000003249
23510,DL03AC3509,Honda,Amaze,Green,Pooja Gupta,ENG000023510,CHS00000023510
96543,DL10AJ6542,Hyundai,i20,Black,Rahul Mishra,ENG000096543,CHS00000096543
43541,DL05AE3540,Tata,Nexon,Blue,Rohit Chopra,ENG000043541,CHS00000043541
53965,DL06AF3964,Honda,City,Blue,Arjun Gupta,ENG000053965,CHS00000053965
87807,DL09AI7806,Maruti,Swift,Grey,Priya Yadav,ENG000087807,CHS00000087807
96346,DL10AJ6345,Tata,Punch,Blue,Kavya Malhotra,ENG000096346,CHS00000096346
32528,DL04AD2527,Maruti,Swift,Silver,Priya Mishra,ENG000032528,CHS00000032528
34971,DL04AD4970,Hyundai,Creta,White,Neha Bansal,ENG000034971,CHS00000034971
20867,DL03AC0866,Hyundai,i20,Silver,Deepak Verma,ENG000020867,CHS00000020867
91918,DL10AJ1917,Hyundai,i20,Blue,Arjun Malhotra,ENG000091918,CHS00000091918
14169,DL02AB4168,Mahindra,XUV700,Red,Rohit Gupta,ENG000014169,CHS00000014169
50141,DL06AF0140,Tata,Nexon,Silver,Neha Mehta,ENG000050141,CHS00000050141
5076,DL01AA5075,Tata,Nexon,Blue,Arjun Yadav,ENG000005076,CHS00000005076
61695,DL07AG1694,Tata,Punch,Brown,Neha Gupta,ENG000061695,CHS00000061695
29155,DL03AC9154,Kia,Seltos,Blue,Vikas Gupta,ENG000029155,CHS00000029155
26159,DL03AC6158,Mahindra,XUV700,Green,Arjun Gupta,ENG000026159,CHS00000026159
60333,DL07AG0332,Tata,Punch,Black,Neha Patel,ENG000060333,CHS00000060333
45831,DL05AE5830,Tata,Nexon,White,Anjali Chopra,ENG000045831,CHS00000045831
40002,DL05AE0001,Toyota,Innova,Black,Anjali Bansal,ENG000040002,CHS00000040002
29832,DL03AC9831,Hyundai,i20,Grey,Deepak Mishra,ENG000029832,CHS00000029832
29220,DL03AC9219,Mahindra,XUV700,Blue,Anjali Mehta,ENG000029220,CHS00000029220
3102,DL01AA3101,Maruti,Baleno,White,Rohit Bansal,ENG000003102,CHS00000003102
86512,DL09AI6511,Toyota,Innova,Red,Anjali Mehta,ENG000086512,CHS00000086512
25314,DL03AC5313,Hyundai,i20,Black,Neha Yadav,ENG000025314,CHS00000025314
52228,DL06AF2227,Toyota,Innova,Black,Pooja Sharma,ENG000052228,CHS00000052228
43026,DL05AE3025,Kia,Seltos,Silver,Vikas Bansal,ENG000043026,CHS00000043026
36518,DL04AD6517,Hyundai,Creta,Brown,Simran Malhotra,ENG000036518,CHS00000036518
9100,DL01AA9099,Hyundai,Creta,Blue,Manish Mishra,ENG000009100,CHS00000009100
36586,DL04AD6585,Kia,Seltos,Brown,Arjun Yadav,ENG000036586,CHS00000036586
46026,DL05AE6025,Kia,Seltos,Brown,Rahul Kapoor,ENG000046026,CHS00000046026
84081,DL09AI4080,Mahindra,XUV700,White,Rahul Yadav,ENG000084081,CHS00000084081
66769,DL07AG6768,Kia,Seltos,Blue,Anjali Kapoor,ENG000066769,CHS00000066769
52387,DL06AF2386,Hyundai,Creta,Green,Vikas Mishra,ENG000052387,CHS00000052387
89066,DL09AI9065,Honda,Amaze,Green,Deepak Malhotra,ENG000089066,CHS00000089066
70283,DL08AH0282,Hyundai,i20,Red,Kavya Malhotra,ENG000070283,CHS00000070283
43405,DL05AE3404,Honda,City,Black,Anjali Malhotra,ENG000043405,CHS00000043405
3618,DL01AA3617,Tata,Nexon,Green,Pooja Mishra,ENG000003618,CHS00000003618
15119,DL02AB5118,Hyundai,i20,Red,Rahul Gupta,ENG000015119,CHS00000015119
34238,DL04AD4237,Mahindra,XUV700,Black,Pooja Sharma,ENG000034238,CHS00000034238
23406,DL03AC3405,Hyundai,i20,White,Deepak Patel,ENG000023406,CHS00000023406
76100,DL08AH6099,Maruti,Baleno,Black,Kavya Verma,ENG000076100,CHS00000076100
34796,DL04AD4795,Kia,Seltos,Silver,Priya Patel,ENG000034796,CHS00000034796
5015,DL01AA5014,Honda,Amaze,Blue,Priya Yadav,ENG000005015,CHS00000005015
14209,DL02AB4208,Toyota,Innova,Silver,Rahul Verma,ENG000014209,CHS00000014209
78194,DL08AH8193,Tata,Nexon,White,Kavya Verma,ENG000078194,CHS00000078194
56960,DL06AF6959,Honda,Amaze,White,Simran Gupta,ENG000056960,CHS00000056960
45310,DL05AE5309,Kia,Seltos,Brown,Manish Yadav,ENG000045310,CHS00000045310
95492,DL10AJ5491,Hyundai,Creta,Black,Rohit Verma,ENG000095492,CHS00000095492
41115,DL05AE1114,Honda,Amaze,Silver,Manish Kapoor,ENG000041115,CHS00000041115
57200,DL06AF7199,Tata,Nexon,Grey,Manish Chopra,ENG000057200,CHS00000057200
79458,DL08AH9457,Mahindra,XUV700,White,Rahul Chopra,ENG000079458,CHS00000079458
67034,DL07AG7033,Honda,Amaze,Black,Rohit Gupta,ENG000067034,CHS00000067034
15158,DL02AB5157,Maruti,Swift,White,Rahul Patel,ENG000015158,CHS00000015158
50489,DL06AF0488,Maruti,Swift,Blue,Manish Gupta,ENG000050489,CHS00000050489
75575,DL08AH5574,Hyundai,Creta,Blue,Kavya Chopra,ENG000075575,CHS00000075575
24915,DL03AC4914,Mahindra,XUV700,Green,Simran Kapoor,ENG000024915,CHS00000024915
33387,DL04AD3386,Maruti,Swift,Brown,Rahul Mehta,ENG000033387,CHS00000033387
5818,DL01AA5817,Mahindra,XUV700,Green,Anjali Bansal,ENG000005818,CHS00000005818
92902,DL10AJ2901,Hyundai,i20,White,Manish Yadav,ENG000092902,CHS00000092902
57155,DL06AF7154,Kia,Seltos,White,Simran Patel,ENG000057155,CHS00000057155
222,DL01AA0221,Tata,Punch,Black,Rahul Verma,ENG000000222,CHS00000000222
68147,DL07AG8146,Toyota,Innova,Black,Pooja Gupta,ENG000068147,CHS00000068147
70576,DL08AH0575,Mahindra,XUV700,Silver,Deepak Chopra,ENG000070576,CHS00000070576
90028,DL10AJ0027,Mahindra,XUV700,Red,Simran Mehta,ENG000090028,CHS00000090028
94298,DL10AJ4297,Maruti,Baleno,Black,Simran Kapoor,ENG000094298,CHS00000094298
97249,DL10AJ7248,Hyundai,i20,Blue,Pooja Singh,ENG000097249,CHS00000097249
96606,DL10AJ6605,Toyota,Innova,Brown,Vikas Bansal,ENG000096606,CHS00000096606
87901,DL09AI7900,Toyota,Innova,Brown,Simran Gupta,ENG000087901,CHS00000087901
25826,DL03AC5825,Hyundai,Creta,Red,Simran Patel,ENG000025826,CHS00000025826
47740,DL05AE7739,Honda,City,Red,Priya Malhotra,ENG000047740,CHS00000047740
56532,DL06AF6531,Tata,Punch,Black,Manish Singh,ENG000056532,CHS00000056532
9172,DL01AA9171,Toyota,Innova,Green,Anjali Patel,ENG000009172,CHS00000009172
87063,DL09AI7062,Honda,Amaze,Black,Neha Mehta,ENG000087063,CHS00000087063
43280,DL05AE3279,Tata,Punch,White,Deepak Singh,ENG000043280,CHS00000043280
81679,DL09AI1678,Kia,Seltos,Blue,Neha Mehta,ENG000081679,CHS00000081679
41146,DL05AE1145,Tata,Punch,Blue,Rohit Bansal,ENG000041146,CHS00000041146
16335,DL02AB6334,Honda,City,Red,Vikas Singh,ENG000016335,CHS00000016335
94340,DL10AJ4339,Maruti,Swift,Brown,Priya Sharma,ENG000094340,CHS00000094340
39364,DL04AD9363,Kia,Seltos,Silver,Arjun Singh,ENG000039364,CHS00000039364
66470,DL07AG6469,Hyundai,Creta,Silver,Neha Mishra,ENG000066470,CHS00000066470
40539,DL05AE0538,Honda,City,White,Manish Bansal,ENG000040539,CHS00000040539
87411,DL09AI7410,Toyota,Innova,Red,Priya Verma,ENG000087411,CHS00000087411
53529,DL06AF3528,Honda,City,Grey,Arjun Malhotra,ENG000053529,CHS00000053529
42754,DL05AE2753,Mahindra,XUV700,Blue,Anjali Yadav,ENG000042754,CHS00000042754
52744,DL06AF2743,Maruti,Swift,Grey,Neha Bansal,ENG000052744,CHS00000052744
91385,DL10AJ1384,Kia,Seltos,Grey,Anjali Kapoor,ENG000091385,CHS00000091385
38753,DL04AD8752,Maruti,Swift,Brown,Vikas Sharma,ENG000038753,CHS00000038753
72668,DL08AH2667,Maruti,Swift,White,Deepak Singh,ENG000072668,CHS00000072668
16684,DL02AB6683,Honda,City,Brown,Manish Bansal,ENG000016684,CHS00000016684
25145,DL03AC5144,Mahindra,XUV700,Brown,Pooja Singh,ENG000025145,CHS00000025145
55109,DL06AF5108,Maruti,Swift,Red,Arjun Yadav,ENG000055109,CHS00000055109
87154,DL09AI7153,Tata,Punch,Blue,Kavya Kapoor,ENG000087154,CHS00000087154
49696,DL05AE9695,Maruti,Swift,Black,Priya Chopra,ENG000049696,CHS00000049696
88778,DL09AI8777,Mahindra,XUV700,Blue,Deepak Kapoor,ENG000088778,CHS00000088778
98060,DL10AJ8059,Maruti,Swift,Blue,Deepak Kapoor,ENG000098060,CHS00000098060
22811,DL03AC2810,Mahindra,XUV700,Silver,Arjun Patel,ENG000022811,CHS00000022811
80677,DL09AI0676,Honda,City,Brown,Rohit Kapoor,ENG000080677,CHS00000080677
74594,DL08AH4593,Honda,City,Grey,Arjun Malhotra,ENG000074594,CHS00000074594
39447,DL04AD9446,Tata,Punch,Black,Vikas Patel,ENG000039447,CHS00000039447
53226,DL06AF3225,Maruti,Baleno,Grey,Anjali Malhotra,ENG000053226,CHS00000053226
71820,DL08AH1819,Honda,Amaze,Brown,Anjali Gupta,ENG000071820,CHS00000071820
54,DL01AA0053,Tata,Punch,Silver,Neha Malhotra,ENG000000054,CHS00000000054
39830,DL04AD9829,Hyundai,i20,Black,Simran Mishra,ENG000039830,CHS00000039830
37607,DL04AD7606,Mahindra,XUV700,Blue,Rohit Patel,ENG000037607,CHS00000037607
27550,DL03AC7549,Kia,Seltos,Silver,Anjali Gupta,ENG000027550,CHS00000027550
56347,DL06AF6346,Kia,Seltos,Blue,Manish Sharma,ENG000056347,CHS00000056347
76020,DL08AH6019,Tata,Nexon,Red,Manish Mishra,ENG000076020,CHS00000076020
79517,DL08AH9516,Honda,City,Grey,Rahul Verma,ENG000079517,CHS00000079517
85814,DL09AI5813,Honda,City,Red,Deepak Verma,ENG000085814,CHS00000085814
42238,DL05AE2237,Hyundai,i20,Silver,Neha Chopra,ENG000042238,CHS00000042238
60947,DL07AG0946,Honda,City,Black,Pooja Mehta,ENG000060947,CHS00000060947
57906,DL06AF7905,Tata,Nexon,Black,Deepak Verma,ENG000057906,CHS00000057906
57955,DL06AF7954,Maruti,Baleno,Blue,Rohit Mehta,ENG000057955,CHS00000057955
88556,DL09AI8555,Maruti,Swift,Red,Vikas Singh,ENG000088556,CHS00000088556
28011,DL03AC8010,Kia,Seltos,Blue,Rahul Yadav,ENG000028011,CHS00000028011
67001,DL07AG7000,Kia,Seltos,Silver,Simran Yadav,ENG000067001,CHS00000067001
62022,DL07AG2021,Mahindra,XUV700,Brown,Pooja Patel,ENG000062022,CHS00000062022
96464,DL10AJ6463,Honda,City,Blue,Rohit Bansal,ENG000096464,CHS00000096464
22242,DL03AC2241,Kia,Seltos,White,Priya Yadav,ENG000022242,CHS00000022242
86357,DL09AI6356,Hyundai,Creta,Black,Simran Patel,ENG000086357,CHS00000086357
11115,DL02AB1114,Honda,City,White,Arjun Kapoor,ENG000011115,CHS00000011115
37197,DL04AD7196,Toyota,Innova,Silver,Kavya Mehta,ENG000037197,CHS00000037197
67562,DL07AG7561,Maruti,Baleno,Grey,Manish Chopra,ENG000067562,CHS00000067562
87013,DL09AI7012,Maruti,Swift,Silver,Vikas Patel,ENG000087013,CHS00000087013
82961,DL09AI2960,Honda,City,Black,Pooja Malhotra,ENG000082961,CHS00000082961
81168,DL09AI1167,Hyundai,Creta,Brown,Simran Verma,ENG000081168,CHS00000081168
43934,DL05AE3933,Honda,City,Grey,Anjali Bansal,ENG000043934,CHS00000043934
12241,DL02AB2240,Hyundai,i20,Blue,Anjali Gupta,ENG000012241,CHS00000012241
98454,DL10AJ8453,Hyundai,Creta,Blue,Rohit Sharma,ENG000098454,CHS00000098454
30785,DL04AD0784,Maruti,Swift,Red,Anjali Sharma,ENG000030785,CHS00000030785
88185,DL09AI8184,Maruti,Swift,Blue,Rohit Singh,ENG000088185,CHS00000088185
40688,DL05AE0687,Hyundai,i20,Red,Deepak Verma,ENG000040688,CHS00000040688
29445,DL03AC9444,Hyundai,i20,Red,Neha Mehta,ENG000029445,CHS00000029445
26101,DL03AC6100,Maruti,Swift,White,Manish Singh,ENG000026101,CHS00000026101
19314,DL02AB9313,Tata,Nexon,Silver,Rahul Malhotra,ENG000019314,CHS00000019314
3202,DL01AA3201,Mahindra,XUV700,Red,Simran Yadav,ENG000003202,CHS00000003202
6058,DL01AA6057,Honda,City,Blue,Priya Mishra,ENG000006058,CHS00000006058
32093,DL04AD2092,Mahindra,XUV700,Green,Deepak Patel,ENG000032093,CHS00000032093
62278,DL07AG2277,Hyundai,i20,Red,Deepak Chopra,ENG000062278,CHS00000062278
80121,DL09AI0120,Maruti,Swift,Silver,Deepak Yadav,ENG000080121,CHS00000080121
9546,DL01AA9545,Maruti,Swift,Brown,Simran Malhotra,ENG000009546,CHS00000009546
59693,DL06AF9692,Tata,Nexon,Red,Rohit Gupta,ENG000059693,CHS00000059693
54322,DL06AF4321,Maruti,Swift,Silver,Rohit Mishra,ENG000054322,CHS00000054322
82545,DL09AI2544,Toyota,Innova,Black,Anjali Singh,ENG000082545,CHS00000082545
75455,DL08AH5454,Honda,City,Black,Arjun Sharma,ENG000075455,CHS00000075455
25486,DL03AC5485,Hyundai,i20,Red,Manish Patel,ENG000025486,CHS00000025486
94156,DL10AJ4155,Tata,Punch,Black,Neha Yadav,ENG000094156,CHS00000094156
91273,DL10AJ1272,Maruti,Swift,White,Simran Bansal,ENG000091273,CHS00000091273
50329,DL06AF0328,Maruti,Swift,Red,Rahul Mehta,ENG000050329,CHS00000050329
64800,DL07AG4799,Hyundai,i20,Silver,Manish Patel,ENG000064800,CHS00000064800
52384,DL06AF2383,Kia,Seltos,Blue,Priya Mishra,ENG000052384,CHS00000052384
31980,DL04AD1979,Tata,Punch,Grey,Deepak Mehta,ENG000031980,CHS00000031980
19343,DL02AB9342,Hyundai,i20,Grey,Vikas Mehta,ENG000019343,CHS00000019343
85991,DL09AI5990,Honda,City,White,Vikas Bansal,ENG000085991,CHS00000085991
90129,DL10AJ0128,Hyundai,i20,Brown,Arjun Patel,ENG000090129,CHS00000090129
727,DL01AA0726,Honda,Amaze,Brown,Rahul Kapoor,ENG000000727,CHS00000000727
98431,DL10AJ8430,Toyota,Innova,Silver,Anjali Mishra,ENG000098431,CHS00000098431
13971,DL02AB3970,Mahindra,XUV700,Red,Arjun Gupta,ENG000013971,CHS00000013971
55725,DL06AF5724,Honda,City,Black,Rohit Verma,ENG000055725,CHS00000055725
28684,DL03AC8683,Hyundai,Creta,Blue,Simran Patel,ENG000028684,CHS00000028684
23054,DL03AC3053,Maruti,Swift,Red,Rahul Bansal,ENG000023054,CHS00000023054
91215,DL10AJ1214,Toyota,Innova,Brown,Deepak Kapoor,ENG000091215,CHS00000091215
67890,DL07AG7889,Honda,Amaze,White,Deepak Verma,ENG000067890,CHS00000067890
60890,DL07AG0889,Mahindra,XUV700,Blue,Deepak Patel,ENG000060890,CHS00000060890
6583,DL01AA6582,Honda,City,Red,Kavya Mishra,ENG000006583,CHS00000006583
73061,DL08AH3060,Tata,Punch,Silver,Rahul Sharma,ENG000073061,CHS00000073061
32663,DL04AD2662,Toyota,Innova,Green,Pooja Bansal,ENG000032663,CHS00000032663
15907,DL02AB5906,Maruti,Swift,Silver,Priya Malhotra,ENG000015907,CHS00000015907
59830,DL06AF9829,Toyota,Innova,Green,Priya Chopra,ENG000059830,CHS00000059830
17478,DL02AB7477,Toyota,Innova,Blue,Neha Singh,ENG000017478,CHS00000017478
60902,DL07AG0901,Hyundai,i20,Black,Vikas Mehta,ENG000060902,CHS00000060902
87501,DL09AI7500,Toyota,Innova,Green,Kavya Chopra,ENG000087501,CHS00000087501
69617,DL07AG9616,Hyundai,Creta,Green,Arjun Kapoor,ENG000069617,CHS00000069617
73260,DL08AH3259,Mahindra,XUV700,White,Kavya Mishra,ENG000073260,CHS00000073260
78048,DL08AH8047,Mahindra,XUV700,Black,Pooja Gupta,ENG000078048,CHS00000078048
41589,DL05AE1588,Maruti,Baleno,Silver,Vikas Mishra,ENG000041589,CHS00000041589
98993,DL10AJ8992,Honda,City,White,Anjali Yadav,ENG000098993,CHS00000098993
58009,DL06AF8008,Tata,Punch,Black,Neha Yadav,ENG000058009,CHS00000058009
80302,DL09AI0301,Maruti,Swift,Black,Rahul Chopra,ENG000080302,CHS00000080302
94277,DL10AJ4276,Hyundai,Creta,Red,Pooja Mehta,ENG000094277,CHS00000094277
66163,DL07AG6162,Maruti,Baleno,Green,Rahul Gupta,ENG000066163,CHS00000066163
55934,DL06AF5933,Hyundai,i20,Silver,Anjali Singh,ENG000055934,CHS00000055934
71811,DL08AH1810,Toyota,Innova,Grey,Rahul Patel,ENG000071811,CHS00000071811
58447,DL06AF8446,Toyota,Innova,Black,Priya Verma,ENG000058447,CHS00000058447
20862,DL03AC0861,Maruti,Swift,Brown,Arjun Mehta,ENG000020862,CHS00000020862
97473,DL10AJ7472,Hyundai,Creta,Green,Simran Singh,ENG000097473,CHS00000097473
62217,DL07AG2216,Tata,Punch,Silver,Neha Kapoor,ENG000062217,CHS00000062217
58992,DL06AF8991,Hyundai,i20,Red,Vikas Mishra,ENG000058992,CHS00000058992
33973,DL04AD3972,Hyundai,i20,Silver,Deepak Sharma,ENG000033973,CHS00000033973
98537,DL10AJ8536,Tata,Punch,Silver,Rahul Malhotra,ENG000098537,CHS00000098537
32407,DL04AD2406,Honda,City,Brown,Rahul Chopra,ENG000032407,CHS00000032407
83580,DL09AI3579,Maruti,Swift,Brown,Arjun Malhotra,ENG000083580,CHS00000083580
36348,DL04AD6347,Mahindra,XUV700,Grey,Anjali Singh,ENG000036348,CHS00000036348
68328,DL07AG8327,Tata,Punch,Red,Simran Yadav,ENG000068328,CHS00000068328
63518,DL07AG3517,Honda,Amaze,Green,Rohit Bansal,ENG000063518,CHS00000063518
82150,DL09AI2149,Toyota,Innova,Black,Kavya Bansal,ENG000082150,CHS00000082150
31359,DL04AD1358,Kia,Seltos,Brown,Simran Singh,ENG000031359,CHS00000031359
35993,DL04AD5992,Maruti,Baleno,Red,Deepak Kapoor,ENG000035993,CHS00000035993
57655,DL06AF7654,Mahindra,XUV700,Grey,Deepak Kapoor,ENG000057655,CHS00000057655
10156,DL02AB0155,Maruti,Baleno,Blue,Anjali Mehta,ENG000010156,CHS00000010156
93526,DL10AJ3525,Hyundai,i20,Black,Vikas Sharma,ENG000093526,CHS00000093526
37451,DL04AD7450,Hyundai,Creta,Blue,Manish Chopra,ENG000037451,CHS00000037451
30736,DL04AD0735,Honda,City,White,Priya Mehta,ENG000030736,CHS00000030736
35615,DL04AD5614,Mahindra,XUV700,Grey,Rohit Malhotra,ENG000035615,CHS00000035615
44021,DL05AE4020,Tata,Punch,Green,Rahul Mehta,ENG000044021,CHS00000044021
41905,DL05AE1904,Honda,Amaze,Blue,Manish Mishra,ENG000041905,CHS00000041905
70799,DL08AH0798,Hyundai,i20,Blue,Rahul Singh,ENG000070799,CHS00000070799
10562,DL02AB0561,Mahindra,XUV700,Grey,Neha Singh,ENG000010562,CHS00000010562
18137,DL02AB8136,Honda,Amaze,Black,Simran Chopra,ENG000018137,CHS00000018137
19770,DL02AB9769,Hyundai,i20,Grey,Rahul Yadav,ENG000019770,CHS00000019770
30312,DL04AD0311,Toyota,Innova,Brown,Manish Patel,ENG000030312,CHS00000030312
50206,DL06AF0205,Maruti,Baleno,Silver,Anjali Mishra,ENG000050206,CHS00000050206
90958,DL10AJ0957,Kia,Seltos,Black,Pooja Gupta,ENG000090958,CHS00000090958
20029,DL03AC0028,Hyundai,Creta,Green,Pooja Mishra,ENG000020029,CHS00000020029
92592,DL10AJ2591,Honda,City,White,Simran Bansal,ENG000092592,CHS00000092592
28044,DL03AC8043,Hyundai,i20,Green,Vikas Patel,ENG000028044,CHS00000028044
8419,DL01AA8418,Toyota,Innova,Red,Anjali Mishra,ENG000008419,CHS00000008419
54378,DL06AF4377,Hyundai,i20,Silver,Anjali Chopra,ENG000054378,CHS00000054378
53425,DL06AF3424,Tata,Punch,Blue,Manish Yadav,ENG000053425,CHS00000053425
43370,DL05AE3369,Maruti,Baleno,Grey,Neha Sharma,ENG000043370,CHS00000043370
71122,DL08AH1121,Honda,City,Silver,Manish Yadav,ENG000071122,CHS00000071122
61070,DL07AG1069,Kia,Seltos,Silver,Manish Gupta,ENG000061070,CHS00000061070
54497,DL06AF4496,Honda,City,Blue,Deepak Bansal,ENG000054497,CHS00000054497
8162,DL01AA8161,Tata,Nexon,White,Anjali Gupta,ENG000008162,CHS00000008162
27111,DL03AC7110,Kia,Seltos,Grey,Manish Gupta,ENG000027111,CHS00000027111
55070,DL06AF5069,Honda,Amaze,Black,Pooja Verma,ENG000055070,CHS00000055070
51050,DL06AF1049,Maruti,Swift,White,Kavya Verma,ENG000051050,CHS00000051050
76557,DL08AH6556,Maruti,Baleno,Grey,Deepak Gupta,ENG000076557,CHS00000076557
91164,DL10AJ1163,Tata,Nexon,Black,Priya Verma,ENG000091164,CHS00000091164
2561,DL01AA2560,Honda,City,Blue,Arjun Chopra,ENG000002561,CHS00000002561
75457,DL08AH5456,Hyundai,i20,Blue,Pooja Yadav,ENG000075457,CHS00000075457
49858,DL05AE9857,Maruti,Swift,Black,Priya Verma,ENG000049858,CHS00000049858
62519,DL07AG2518,Hyundai,Creta,Grey,Simran Mehta,ENG000062519,CHS00000062519
773,DL01AA0772,Maruti,Swift,Green,Simran Mishra,ENG000000773,CHS00000000773
46106,DL05AE6105,Toyota,Innova,White,Vikas Sharma,ENG000046106,CHS00000046106
39140,DL04AD9139,Kia,Seltos,Grey,Manish Singh,ENG000039140,CHS00000039140
98760,DL10AJ8759,Hyundai,i20,Black,Pooja Mishra,ENG000098760,CHS00000098760
51117,DL06AF1116,Tata,Punch,Brown,Vikas Mehta,ENG000051117,CHS00000051117
54922,DL06AF4921,Honda,City,Black,Neha Mishra,ENG000054922,CHS00000054922
70546,DL08AH0545,Tata,Nexon,Blue,Simran Verma,ENG000070546,CHS00000070546
97979,DL10AJ7978,Mahindra,XUV700,Green,Vikas Bansal,ENG000097979,CHS00000097979
96290,DL10AJ6289,Tata,Nexon,White,Rahul Verma,ENG000096290,CHS00000096290
71583,DL08AH1582,Tata,Punch,Red,Priya Yadav,ENG000071583,CHS00000071583
79070,DL08AH9069,Kia,Seltos,White,Manish Bansal,ENG000079070,CHS00000079070
28907,DL03AC8906,Tata,Punch,Grey,Pooja Sharma,ENG000028907,CHS00000028907
63994,DL07AG3993,Mahindra,XUV700,White,Neha Patel,ENG000063994,CHS00000063994
28761,DL03AC8760,Mahindra,XUV700,White,Vikas Sharma,ENG000028761,CHS00000028761
35775,DL04AD5774,Tata,Punch,Grey,Priya Mishra,ENG000035775,CHS00000035775
57126,DL06AF7125,Honda,Amaze,Grey,Neha Sharma,ENG000057126,CHS00000057126
63655,DL07AG3654,Hyundai,i20,White,Simran Kapoor,ENG000063655,CHS00000063655
3805,DL01AA3804,Maruti,Swift,Black,Simran Mehta,ENG000003805,CHS00000003805
50969,DL06AF0968,Tata,Punch,Red,Rahul Malhotra,ENG000050969,CHS00000050969
44058,DL05AE4057,Toyota,Innova,Silver,Pooja Patel,ENG000044058,CHS00000044058
87671,DL09AI7670,Tata,Punch,Red,Anjali Chopra,ENG000087671,CHS00000087671
89017,DL09AI9016,Tata,Punch,Brown,Simran Gupta,ENG000089017,CHS00000089017
52995,DL06AF2994,Tata,Punch,Brown,Anjali Singh,ENG000052995,CHS00000052995
94920,DL10AJ4919,Mahindra,XUV700,Grey,Deepak Sharma,ENG000094920,CHS00000094920
21633,DL03AC1632,Honda,Amaze,Brown,Arjun Malhotra,ENG000021633,CHS00000021633
61262,DL07AG1261,Toyota,Innova,Black,Arjun Chopra,ENG000061262,CHS00000061262
16729,DL02AB6728,Tata,Nexon,Grey,Rahul Singh,ENG000016729,CHS00000016729
81561,DL09AI1560,Toyota,Innova,Red,Arjun Kapoor,ENG000081561,CHS00000081561
70009,DL08AH0008,Kia,Seltos,Black,Anjali Yadav,ENG000070009,CHS00000070009
3535,DL01AA3534,Maruti,Swift,Brown,Manish Kapoor,ENG000003535,CHS00000003535
51646,DL06AF1645,Honda,City,Black,Deepak Kapoor,ENG000051646,CHS00000051646
77581,DL08AH7580,Hyundai,Creta,Silver,Vikas Sharma,ENG000077581,CHS00000077581
73976,DL08AH3975,Kia,Seltos,Blue,Neha Yadav,ENG000073976,CHS00000073976
86901,DL09AI6900,Kia,Seltos,Brown,Rohit Kapoor,ENG000086901,CHS00000086901
3553,DL01AA3552,Mahindra,XUV700,Silver,Arjun Patel,ENG000003553,CHS00000003553
11004,DL02AB1003,Tata,Punch,Red,Neha Mishra,ENG000011004,CHS00000011004
84247,DL09AI4246,Maruti,Swift,Blue,Pooja Chopra,ENG000084247,CHS00000084247
56180,DL06AF6179,Hyundai,i20,White,Rohit Mishra,ENG000056180,CHS00000056180
17787,DL02AB7786,Hyundai,i20,Red,Anjali Verma,ENG000017787,CHS00000017787
60516,DL07AG0515,Maruti,Baleno,Green,Manish Malhotra,ENG000060516,CHS00000060516
23820,DL03AC3819,Honda,City,Blue,Neha Mishra,ENG000023820,CHS00000023820
6591,DL01AA6590,Maruti,Swift,Grey,Kavya Kapoor,ENG000006591,CHS00000006591
34100,DL04AD4099,Maruti,Swift,Black,Kavya Singh,ENG000034100,CHS00000034100
49690,DL05AE9689,Toyota,Innova,Silver,Arjun Kapoor,ENG000049690,CHS00000049690
42907,DL05AE2906,Toyota,Innova,Black,Pooja Gupta,ENG000042907,CHS00000042907
27743,DL03AC7742,Tata,Nexon,White,Anjali Sharma,ENG000027743,CHS00000027743
59599,DL06AF9598,Kia,Seltos,White,Vikas Malhotra,ENG000059599,CHS00000059599
42841,DL05AE2840,Hyundai,Creta,Brown,Pooja Bansal,ENG000042841,CHS00000042841
44237,DL05AE4236,Kia,Seltos,Black,Deepak Gupta,ENG000044237,CHS00000044237
99776,DL10AJ9775,Honda,City,Brown,Pooja Gupta,ENG000099776,CHS00000099776
49693,DL05AE9692,Maruti,Swift,Grey,Rahul Chopra,ENG000049693,CHS00000049693
36472,DL04AD6471,Honda,Amaze,Grey,Manish Kapoor,ENG000036472,CHS00000036472
98568,DL10AJ8567,Hyundai,Creta,Blue,Anjali Bansal,ENG000098568,CHS00000098568
55256,DL06AF5255,Toyota,Innova,Green,Simran Patel,ENG000055256,CHS00000055256
33066,DL04AD3065,Toyota,Innova,Black,Simran Bansal,ENG000033066,CHS00000033066
10736,DL02AB0735,Toyota,Innova,Green,Simran Malhotra,ENG000010736,CHS00000010736
61645,DL07AG1644,Kia,Seltos,Silver,Neha Patel,ENG000061645,CHS00000061645
2541,DL01AA2540,Hyundai,Creta,White,Priya Mehta,ENG000002541,CHS00000002541
98177,DL10AJ8176,Kia,Seltos,Green,Rohit Gupta,ENG000098177,CHS00000098177
70703,DL08AH0702,Tata,Nexon,Red,Priya Mehta,ENG000070703,CHS00000070703
6827,DL01AA6826,Tata,Punch,Green,Kavya Bansal,ENG000006827,CHS00000006827
45871,DL05AE5870,Toyota,Innova,Grey,Anjali Mehta,ENG000045871,CHS00000045871
29390,DL03AC9389,Toyota,Innova,Red,Kavya Malhotra,ENG000029390,CHS00000029390
85216,DL09AI5215,Hyundai,Creta,Blue,Arjun Patel,ENG000085216,CHS00000085216
8994,DL01AA8993,Tata,Punch,Brown,Arjun Gupta,ENG000008994,CHS00000008994
85427,DL09AI5426,Tata,Nexon,Green,Arjun Singh,ENG000085427,CHS00000085427
5277,DL01AA5276,Hyundai,i20,Green,Deepak Chopra,ENG000005277,CHS00000005277
98859,DL10AJ8858,Hyundai,i20,Red,Simran Kapoor,ENG000098859,CHS00000098859
4068,DL01AA4067,Tata,Nexon,Red,Neha Sharma,ENG000004068,CHS00000004068
32412,DL04AD2411,Tata,Punch,Grey,Anjali Malhotra,ENG000032412,CHS00000032412
26131,DL03AC6130,Maruti,Swift,Silver,Anjali Singh,ENG000026131,CHS00000026131
2672,DL01AA2671,Kia,Seltos,Red,Neha Patel,ENG000002672,CHS00000002672
81440,DL09AI1439,Toyota,Innova,Green,Anjali Gupta,ENG000081440,CHS00000081440
19974,DL02AB9973,Kia,Seltos,White,Pooja Yadav,ENG000019974,CHS00000019974
31267,DL04AD1266,Tata,Nexon,Blue,Vikas Malhotra,ENG000031267,CHS00000031267
16545,DL02AB6544,Hyundai,Creta,Silver,Rohit Verma,ENG000016545,CHS00000016545
62071,DL07AG2070,Toyota,Innova,Grey,Neha Gupta,ENG000062071,CHS00000062071
87748,DL09AI7747,Toyota,Innova,Brown,Anjali Yadav,ENG000087748,CHS00000087748
14994,DL02AB4993,Hyundai,Creta,White,Rohit Mishra,ENG000014994,CHS00000014994
73921,DL08AH3920,Mahindra,XUV700,Red,Priya Kapoor,ENG000073921,CHS00000073921
28570,DL03AC8569,Tata,Punch,Red,Rohit Verma,ENG000028570,CHS00000028570
60953,DL07AG0952,Tata,Punch,Blue,Deepak Bansal,ENG000060953,CHS00000060953
91681,DL10AJ1680,Mahindra,XUV700,Blue,Pooja Yadav,ENG000091681,CHS00000091681
33587,DL04AD3586,Toyota,Innova,Black,Arjun Chopra,ENG000033587,CHS00000033587
48352,DL05AE8351,Maruti,Baleno,Brown,Pooja Verma,ENG000048352,CHS00000048352
21993,DL03AC1992,Honda,City,Grey,Deepak Chopra,ENG000021993,CHS00000021993
79416,DL08AH9415,Maruti,Baleno,Brown,Vikas Mehta,ENG000079416,CHS00000079416
79594,DL08AH9593,Toyota,Innova,Blue,Rohit Yadav,ENG000079594,CHS00000079594
98033,DL10AJ8032,Maruti,Baleno,Green,Simran Chopra,ENG000098033,CHS00000098033
94157,DL10AJ4156,Kia,Seltos,Red,Arjun Verma,ENG000094157,CHS00000094157
15013,DL02AB5012,Hyundai,Creta,Green,Deepak Kapoor,ENG000015013,CHS00000015013
21466,DL03AC1465,Honda,Amaze,Silver,Deepak Singh,ENG000021466,CHS00000021466
40769,DL05AE0768,Tata,Nexon,Brown,Deepak Yadav,ENG000040769,CHS00000040769
75850,DL08AH5849,Maruti,Baleno,Grey,Kavya Yadav,ENG000075850,CHS00000075850
3366,DL01AA3365,Toyota,Innova,White,Rahul Gupta,ENG000003366,CHS00000003366
40889,DL05AE0888,Toyota,Innova,Brown,Rohit Verma,ENG000040889,CHS00000040889
75471,DL08AH5470,Toyota,Innova,Green,Priya Bansal,ENG000075471,CHS00000075471
88782,DL09AI8781,Maruti,Baleno,Brown,Neha Singh,ENG000088782,CHS00000088782
49193,DL05AE9192,Toyota,Innova,Black,Kavya Bansal,ENG000049193,CHS00000049193
51991,DL06AF1990,Maruti,Swift,Brown,Simran Singh,ENG000051991,CHS00000051991
93719,DL10AJ3718,Kia,Seltos,Green,Deepak Chopra,ENG000093719,CHS00000093719
25996,DL03AC5995,Hyundai,Creta,Red,Vikas Gupta,ENG000025996,CHS00000025996
9962,DL01AA9961,Mahindra,XUV700,Black,Deepak Chopra,ENG000009962,CHS00000009962
77608,DL08AH7607,Kia,Seltos,White,Deepak Bansal,ENG000077608,CHS00000077608
90521,DL10AJ0520,Hyundai,Creta,Blue,Deepak Mehta,ENG000090521,CHS00000090521
82214,DL09AI2213,Honda,Amaze,Red,Deepak Yadav,ENG000082214,CHS00000082214
31831,DL04AD1830,Hyundai,i20,Silver,Vikas Mishra,ENG000031831,CHS00000031831
13357,DL02AB3356,Honda,Amaze,Black,Rahul Gupta,ENG000013357,CHS00000013357
91383,DL10AJ1382,Hyundai,i20,Blue,Rahul Gupta,ENG000091383,CHS00000091383
39530,DL04AD9529,Tata,Nexon,White,Deepak Chopra,ENG000039530,CHS00000039530
89688,DL09AI9687,Hyundai,Creta,White,Priya Mehta,ENG000089688,CHS00000089688
78698,DL08AH8697,Toyota,Innova,Silver,Rohit Bansal,ENG000078698,CHS00000078698
15867,DL02AB5866,Toyota,Innova,Red,Anjali Kapoor,ENG000015867,CHS00000015867
74178,DL08AH4177,Maruti,Swift,Grey,Kavya Yadav,ENG000074178,CHS00000074178
5384,DL01AA5383,Tata,Nexon,Brown,Anjali Singh,ENG000005384,CHS00000005384
45509,DL05AE5508,Hyundai,Creta,Black,Arjun Kapoor,ENG000045509,CHS00000045509
69828,DL07AG9827,Toyota,Innova,Green,Kavya Singh,ENG000069828,CHS00000069828
56149,DL06AF6148,Tata,Nexon,Black,Priya Patel,ENG000056149,CHS00000056149
86707,DL09AI6706,Tata,Punch,Green,Deepak Patel,ENG000086707,CHS00000086707
48572,DL05AE8571,Tata,Nexon,White,Simran Sharma,ENG000048572,CHS00000048572
9039,DL01AA9038,Mahindra,XUV700,Brown,Simran Gupta,ENG000009039,CHS00000009039
66318,DL07AG6317,Maruti,Baleno,Black,Priya Kapoor,ENG000066318,CHS00000066318
84875,DL09AI4874,Maruti,Baleno,Green,Rohit Bansal,ENG000084875,CHS00000084875
44726,DL05AE4725,Hyundai,i20,Green,Manish Chopra,ENG000044726,CHS00000044726
1659,DL01AA1658,Kia,Seltos,Blue,Kavya Gupta,ENG000001659,CHS00000001659
55058,DL06AF5057,Maruti,Swift,Blue,Arjun Malhotra,ENG000055058,CHS00000055058
64252,DL07AG4251,Mahindra,XUV700,Grey,Manish Verma,ENG000064252,CHS00000064252
13834,DL02AB3833,Hyundai,Creta,Blue,Pooja Chopra,ENG000013834,CHS00000013834
56823,DL06AF6822,Tata,Nexon,Black,Kavya Mehta,ENG000056823,CHS00000056823
47473,DL05AE7472,Toyota,Innova,Green,Deepak Patel,ENG000047473,CHS00000047473
83308,DL09AI3307,Maruti,Baleno,Brown,Priya Chopra,ENG000083308,CHS00000083308
60259,DL07AG0258,Hyundai,Creta,Green,Simran Verma,ENG000060259,CHS00000060259
92709,DL10AJ2708,Maruti,Swift,Green,Neha Verma,ENG000092709,CHS00000092709
20053,DL03AC0052,Maruti,Baleno,Black,Pooja Sharma,ENG000020053,CHS00000020053
57081,DL06AF7080,Toyota,Innova,Silver,Arjun Mishra,ENG000057081,CHS00000057081
23087,DL03AC3086,Honda,Amaze,Brown,Simran Mishra,ENG000023087,CHS00000023087
96181,DL10AJ6180,Toyota,Innova,Silver,Manish Kapoor,ENG000096181,CHS00000096181
68387,DL07AG8386,Tata,Nexon,White,Anjali Singh,ENG000068387,CHS00000068387
85257,DL09AI5256,Hyundai,i20,Blue,Arjun Kapoor,ENG000085257,CHS00000085257
35401,DL04AD5400,Maruti,Swift,Silver,Vikas Bansal,ENG000035401,CHS00000035401
80729,DL09AI0728,Maruti,Swift,Red,Anjali Malhotra,ENG000080729,CHS00000080729
70540,DL08AH0539,Hyundai,i20,Green,Anjali Mishra,ENG000070540,CHS00000070540
63373,DL07AG3372,Maruti,Swift,Silver,Rohit Verma,ENG000063373,CHS00000063373
60932,DL07AG0931,Honda,City,Silver,Priya Malhotra,ENG000060932,CHS00000060932
57092,DL06AF7091,Honda,Amaze,Blue,Priya Yadav,ENG000057092,CHS00000057092
95818,DL10AJ5817,Honda,Amaze,Grey,Arjun Kapoor,ENG000095818,CHS00000095818
77657,DL08AH7656,Hyundai,Creta,Grey,Rohit Verma,ENG000077657,CHS00000077657
35180,DL04AD5179,Maruti,Baleno,Green,Priya Yadav,ENG000035180,CHS00000035180
42246,DL05AE2245,Tata,Punch,Blue,Arjun Gupta,ENG000042246,CHS00000042246
32178,DL04AD2177,Honda,Amaze,Silver,Vikas Patel,ENG000032178,CHS00000032178
11360,DL02AB1359,Tata,Nexon,Grey,Manish Bansal,ENG000011360,CHS00000011360
36560,DL04AD6559,Hyundai,i20,White,Neha Verma,ENG000036560,CHS00000036560
59088,DL06AF9087,Toyota,Innova,White,Simran Singh,ENG000059088,CHS00000059088
31964,DL04AD1963,Hyundai,i20,Black,Arjun Gupta,ENG000031964,CHS00000031964
98367,DL10AJ8366,Kia,Seltos,Silver,Pooja Mehta,ENG000098367,CHS00000098367
60911,DL07AG0910,Kia,Seltos,Silver,Pooja Sharma,ENG000060911,CHS00000060911
74692,DL08AH4691,Honda,Amaze,Blue,Manish Gupta,ENG000074692,CHS00000074692
79998,DL08AH9997,Hyundai,Creta,Brown,Kavya Verma,ENG000079998,CHS00000079998
87581,DL09AI7580,Tata,Punch,Grey,Kavya Singh,ENG000087581,CHS00000087581
49675,DL05AE9674,Hyundai,Creta,Green,Arjun Gupta,ENG000049675,CHS00000049675
44093,DL05AE4092,Tata,Nexon,White,Pooja Gupta,ENG000044093,CHS00000044093
3762,DL01AA3761,Tata,Punch,White,Priya Kapoor,ENG000003762,CHS00000003762
64790,DL07AG4789,Kia,Seltos,Black,Deepak Yadav,ENG000064790,CHS00000064790
42601,DL05AE2600,Honda,Amaze,Grey,Simran Chopra,ENG000042601,CHS00000042601
23835,DL03AC3834,Honda,City,Silver,Pooja Chopra,ENG000023835,CHS00000023835
63905,DL07AG3904,Hyundai,i20,Grey,Neha Malhotra,ENG000063905,CHS00000063905
27803,DL03AC7802,Maruti,Swift,Black,Kavya Bansal,ENG000027803,CHS00000027803
46508,DL05AE6507,Honda,City,Grey,Rohit Verma,ENG000046508,CHS00000046508
33863,DL04AD3862,Kia,Seltos,White,Deepak Verma,ENG000033863,CHS00000033863
44609,DL05AE4608,Honda,City,Grey,Deepak Yadav,ENG000044609,CHS00000044609
36656,DL04AD6655,Honda,City,Grey,Arjun Singh,ENG000036656,CHS00000036656
78140,DL08AH8139,Maruti,Baleno,Grey,Rahul Yadav,ENG000078140,CHS00000078140
91906,DL10AJ1905,Maruti,Baleno,White,Pooja Mehta,ENG000091906,CHS00000091906
36212,DL04AD6211,Honda,Amaze,Green,Neha Bansal,ENG000036212,CHS00000036212
72849,DL08AH2848,Honda,City,Brown,Neha Kapoor,ENG000072849,CHS00000072849
1331,DL01AA1330,Tata,Nexon,Brown,Priya Bansal,ENG000001331,CHS00000001331
67716,DL07AG7715,Hyundai,Creta,Brown,Kavya Verma,ENG000067716,CHS00000067716
25043,DL03AC5042,Kia,Seltos,Red,Simran Yadav,ENG000025043,CHS00000025043
11222,DL02AB1221,Maruti,Swift,Blue,Manish Mehta,ENG000011222,CHS00000011222
31636,DL04AD1635,Tata,Nexon,Red,Simran Malhotra,ENG000031636,CHS00000031636
94382,DL10AJ4381,Honda,Amaze,White,Arjun Mehta,ENG000094382,CHS00000094382
53272,DL06AF3271,Hyundai,Creta,Brown,Rahul Verma,ENG000053272,CHS00000053272
64039,DL07AG4038,Mahindra,XUV700,Grey,Deepak Chopra,ENG000064039,CHS00000064039
72769,DL08AH2768,Toyota,Innova,Blue,Neha Sharma,ENG000072769,CHS00000072769
99375,DL10AJ9374,Maruti,Baleno,Grey,Vikas Patel,ENG000099375,CHS00000099375
31500,DL04AD1499,Hyundai,Creta,Red,Vikas Bansal,ENG000031500,CHS00000031500
90520,DL10AJ0519,Honda,Amaze,White,Simran Chopra,ENG000090520,CHS00000090520
62403,DL07AG2402,Kia,Seltos,Blue,Arjun Sharma,ENG000062403,CHS00000062403
84660,DL09AI4659,Honda,Amaze,Silver,Rahul Patel,ENG000084660,CHS00000084660
93303,DL10AJ3302,Toyota,Innova,Grey,Manish Chopra,ENG000093303,CHS00000093303
64333,DL07AG4332,Kia,Seltos,Green,Priya Patel,ENG000064333,CHS00000064333
58744,DL06AF8743,Tata,Punch,Silver,Manish Bansal,ENG000058744,CHS00000058744
2261,DL01AA2260,Maruti,Swift,White,Kavya Chopra,ENG000002261,CHS00000002261
12197,DL02AB2196,Maruti,Swift,Brown,Kavya Gupta,ENG000012197,CHS00000012197
38567,DL04AD8566,Maruti,Swift,Red,Pooja Gupta,ENG000038567,CHS00000038567
29046,DL03AC9045,Hyundai,i20,Brown,Neha Singh,ENG000029046,CHS00000029046
53006,DL06AF3005,Tata,Nexon,Green,Arjun Bansal,ENG000053006,CHS00000053006
90674,DL10AJ0673,Hyundai,Creta,Red,Priya Patel,ENG000090674,CHS00000090674
31891,DL04AD1890,Hyundai,i20,Grey,Anjali Singh,ENG000031891,CHS00000031891
40136,DL05AE0135,Honda,Amaze,White,Priya Patel,ENG000040136,CHS00000040136
87027,DL09AI7026,Hyundai,i20,Red,Anjali Patel,ENG000087027,CHS00000087027
76226,DL08AH6225,Tata,Nexon,Green,Deepak Sharma,ENG000076226,CHS00000076226
48369,DL05AE8368,Tata,Nexon,Green,Pooja Verma,ENG000048369,CHS00000048369
62032,DL07AG2031,Maruti,Swift,Red,Arjun Gupta,ENG000062032,CHS00000062032
72545,DL08AH2544,Hyundai,Creta,Black,Simran Chopra,ENG000072545,CHS00000072545
69589,DL07AG9588,Maruti,Swift,Blue,Rohit Kapoor,ENG000069589,CHS00000069589
45057,DL05AE5056,Toyota,Innova,Blue,Rahul Chopra,ENG000045057,CHS00000045057
55772,DL06AF5771,Honda,City,White,Vikas Sharma,ENG000055772,CHS00000055772
97772,DL10AJ7771,Tata,Punch,Silver,Anjali Chopra,ENG000097772,CHS00000097772
72141,DL08AH2140,Mahindra,XUV700,Brown,Arjun Malhotra,ENG000072141,CHS00000072141
43358,DL05AE3357,Maruti,Swift,Brown,Pooja Verma,ENG000043358,CHS00000043358
46113,DL05AE6112,Honda,City,Grey,Priya Verma,ENG000046113,CHS00000046113
92125,DL10AJ2124,Kia,Seltos,Blue,Simran Sharma,ENG000092125,CHS00000092125
59474,DL06AF9473,Mahindra,XUV700,Red,Kavya Singh,ENG000059474,CHS00000059474
35510,DL04AD5509,Tata,Nexon,Brown,Deepak Malhotra,ENG000035510,CHS00000035510
40190,DL05AE0189,Maruti,Baleno,Brown,Rohit Chopra,ENG000040190,CHS00000040190
32952,DL04AD2951,Toyota,Innova,Red,Priya Yadav,ENG000032952,CHS00000032952
30218,DL04AD0217,Tata,Punch,Silver,Manish Sharma,ENG000030218,CHS00000030218
15815,DL02AB5814,Mahindra,XUV700,Silver,Arjun Sharma,ENG000015815,CHS00000015815
94541,DL10AJ4540,Mahindra,XUV700,Grey,Kavya Verma,ENG000094541,CHS00000094541
25243,DL03AC5242,Toyota,Innova,Green,Priya Kapoor,ENG000025243,CHS00000025243
41360,DL05AE1359,Hyundai,Creta,Grey,Vikas Sharma,ENG000041360,CHS00000041360
15671,DL02AB5670,Tata,Nexon,Red,Simran Mishra,ENG000015671,CHS00000015671
97371,DL10AJ7370,Hyundai,Creta,Blue,Priya Verma,ENG000097371,CHS00000097371
70237,DL08AH0236,Kia,Seltos,Brown,Simran Chopra,ENG000070237,CHS00000070237
99902,DL10AJ9901,Hyundai,i20,Silver,Arjun Yadav,ENG000099902,CHS00000099902
90462,DL10AJ0461,Tata,Punch,Brown,Deepak Malhotra,ENG000090462,CHS00000090462
24268,DL03AC4267,Toyota,Innova,Grey,Rohit Singh,ENG000024268,CHS00000024268
25106,DL03AC5105,Honda,City,Green,Anjali Kapoor,ENG000025106,CHS00000025106
28362,DL03AC8361,Tata,Punch,Red,Deepak Bansal,ENG000028362,CHS00000028362
96811,DL10AJ6810,Honda,Amaze,Blue,Priya Gupta,ENG000096811,CHS00000096811
63465,DL07AG3464,Mahindra,XUV700,Black,Rohit Verma,ENG000063465,CHS00000063465
36242,DL04AD6241,Honda,Amaze,Black,Pooja Kapoor,ENG000036242,CHS00000036242
94973,DL10AJ4972,Toyota,Innova,Silver,Rahul Mehta,ENG000094973,CHS00000094973
77279,DL08AH7278,Honda,City,White,Rahul Gupta,ENG000077279,CHS00000077279
99642,DL10AJ9641,Maruti,Baleno,Black,Manish Sharma,ENG000099642,CHS00000099642
68766,DL07AG8765,Maruti,Baleno,Silver,Neha Singh,ENG000068766,CHS00000068766
78223,DL08AH8222,Maruti,Baleno,Blue,Rahul Sharma,ENG000078223,CHS00000078223
37094,DL04AD7093,Maruti,Baleno,Silver,Kavya Chopra,ENG000037094,CHS00000037094
13177,DL02AB3176,Kia,Seltos,Black,Vikas Sharma,ENG000013177,CHS00000013177
25444,DL03AC5443,Maruti,Baleno,Black,Pooja Malhotra,ENG000025444,CHS00000025444
38830,DL04AD8829,Hyundai,i20,Silver,Rohit Malhotra,ENG000038830,CHS00000038830
29817,DL03AC9816,Maruti,Swift,Brown,Priya Gupta,ENG000029817,CHS00000029817
47302,DL05AE7301,Maruti,Swift,Black,Pooja Singh,ENG000047302,CHS00000047302
23520,DL03AC3519,Honda,City,White,Kavya Gupta,ENG000023520,CHS00000023520
39619,DL04AD9618,Maruti,Swift,Blue,Rahul Kapoor,ENG000039619,CHS00000039619
1855,DL01AA1854,Maruti,Baleno,Blue,Manish Verma,ENG000001855,CHS00000001855
92802,DL10AJ2801,Honda,Amaze,Red,Rohit Mehta,ENG000092802,CHS00000092802
16592,DL02AB6591,Tata,Nexon,Red,Deepak Yadav,ENG000016592,CHS00000016592
35955,DL04AD5954,Honda,Amaze,Blue,Pooja Mishra,ENG000035955,CHS00000035955
5966,DL01AA5965,Maruti,Baleno,Grey,Rahul Singh,ENG000005966,CHS00000005966
7147,DL01AA7146,Kia,Seltos,Brown,Vikas Mishra,ENG000007147,CHS00000007147
72530,DL08AH2529,Tata,Punch,Green,Rohit Singh,ENG000072530,CHS00000072530
38291,DL04AD8290,Tata,Nexon,Brown,Neha Patel,ENG000038291,CHS00000038291
91412,DL10AJ1411,Toyota,Innova,Red,Rahul Kapoor,ENG000091412,CHS00000091412
16552,DL02AB6551,Tata,Nexon,Green,Pooja Bansal,ENG000016552,CHS00000016552
83607,DL09AI3606,Kia,Seltos,Brown,Rohit Malhotra,ENG000083607,CHS00000083607
98670,DL10AJ8669,Hyundai,Creta,Red,Arjun Patel,ENG000098670,CHS00000098670
64341,DL07AG4340,Tata,Nexon,Blue,Simran Verma,ENG000064341,CHS00000064341
13447,DL02AB3446,Maruti,Swift,Grey,Kavya Verma,ENG000013447,CHS00000013447
1608,DL01AA1607,Honda,City,Silver,Manish Bansal,ENG000001608,CHS00000001608
75244,DL08AH5243,Toyota,Innova,White,Rahul Mishra,ENG000075244,CHS00000075244
37269,DL04AD7268,Maruti,Baleno,White,Simran Yadav,ENG000037269,CHS00000037269
61525,DL07AG1524,Maruti,Swift,Red,Rahul Gupta,ENG000061525,CHS00000061525
62747,DL07AG2746,Tata,Punch,Black,Rahul Sharma,ENG000062747,CHS00000062747
57734,DL06AF7733,Mahindra,XUV700,Black,Vikas Yadav,ENG000057734,CHS00000057734
44658,DL05AE4657,Honda,Amaze,Silver,Manish Verma,ENG000044658,CHS00000044658
24165,DL03AC4164,Hyundai,i20,Grey,Kavya Chopra,ENG000024165,CHS00000024165
6735,DL01AA6734,Hyundai,Creta,Black,Deepak Malhotra,ENG000006735,CHS00000006735
33093,DL04AD3092,Tata,Punch,Green,Rahul Malhotra,ENG000033093,CHS00000033093
62617,DL07AG2616,Tata,Punch,Grey,Neha Kapoor,ENG000062617,CHS00000062617
14954,DL02AB4953,Tata,Punch,Green,Kavya Mishra,ENG000014954,CHS00000014954
8565,DL01AA8564,Maruti,Baleno,Red,Priya Singh,ENG000008565,CHS00000008565
52522,DL06AF2521,Tata,Punch,Blue,Kavya Chopra,ENG000052522,CHS00000052522
64455,DL07AG4454,Maruti,Swift,Brown,Rahul Mehta,ENG000064455,CHS00000064455
9711,DL01AA9710,Maruti,Baleno,Green,Kavya Patel,ENG000009711,CHS00000009711
75632,DL08AH5631,Tata,Nexon,Green,Priya Malhotra,ENG000075632,CHS00000075632
82503,DL09AI2502,Tata,Punch,Red,Pooja Mehta,ENG000082503,CHS00000082503
89975,DL09AI9974,Hyundai,Creta,Black,Rahul Bansal,ENG000089975,CHS00000089975
7027,DL01AA7026,Hyundai,i20,Silver,Anjali Gupta,ENG000007027,CHS00000007027
19888,DL02AB9887,Honda,City,Grey,Arjun Bansal,ENG000019888,CHS00000019888
19556,DL02AB9555,Honda,Amaze,Red,Arjun Kapoor,ENG000019556,CHS00000019556
73773,DL08AH3772,Toyota,Innova,Grey,Neha Chopra,ENG000073773,CHS00000073773
39825,DL04AD9824,Honda,Amaze,White,Deepak Malhotra,ENG000039825,CHS00000039825
11165,DL02AB1164,Honda,City,Black,Rohit Verma,ENG000011165,CHS00000011165
32531,DL04AD2530,Mahindra,XUV700,Blue,Kavya Patel,ENG000032531,CHS00000032531
15526,DL02AB5525,Hyundai,i20,Silver,Manish Gupta,ENG000015526,CHS00000015526
73148,DL08AH3147,Maruti,Swift,Red,Rahul Patel,ENG000073148,CHS00000073148
54549,DL06AF4548,Hyundai,Creta,Grey,Deepak Patel,ENG000054549,CHS00000054549
79472,DL08AH9471,Tata,Punch,Red,Arjun Verma,ENG000079472,CHS00000079472
78136,DL08AH8135,Kia,Seltos,Brown,Manish Gupta,ENG000078136,CHS00000078136
81058,DL09AI1057,Mahindra,XUV700,Brown,Neha Yadav,ENG000081058,CHS00000081058
29582,DL03AC9581,Toyota,Innova,Black,Vikas Bansal,ENG000029582,CHS00000029582
68495,DL07AG8494,Hyundai,Creta,Red,Pooja Verma,ENG000068495,CHS00000068495
49857,DL05AE9856,Maruti,Baleno,White,Priya Yadav,ENG000049857,CHS00000049857
59050,DL06AF9049,Honda,City,Black,Rohit Yadav,ENG000059050,CHS00000059050
58029,DL06AF8028,Toyota,Innova,White,Rahul Kapoor,ENG000058029,CHS00000058029
38975,DL04AD8974,Mahindra,XUV700,Green,Kavya Malhotra,ENG000038975,CHS00000038975
77140,DL08AH7139,Tata,Punch,Black,Manish Verma,ENG000077140,CHS00000077140
56208,DL06AF6207,Hyundai,i20,White,Pooja Chopra,ENG000056208,CHS00000056208
40027,DL05AE0026,Honda,Amaze,Silver,Vikas Gupta,ENG000040027,CHS00000040027
74532,DL08AH4531,Honda,Amaze,Black,Rahul Yadav,ENG000074532,CHS00000074532
81400,DL09AI1399,Honda,Amaze,Green,Manish Kapoor,ENG000081400,CHS00000081400
7895,DL01AA7894,Toyota,Innova,Green,Pooja Singh,ENG000007895,CHS00000007895
79906,DL08AH9905,Toyota,Innova,Silver,Arjun Verma,ENG000079906,CHS00000079906
97005,DL10AJ7004,Hyundai,Creta,Black,Vikas Chopra,ENG000097005,CHS00000097005
13007,DL02AB3006,Tata,Punch,Grey,Deepak Bansal,ENG000013007,CHS00000013007
99974,DL10AJ9973,Tata,Punch,Brown,Anjali Malhotra,ENG000099974,CHS00000099974
27236,DL03AC7235,Mahindra,XUV700,Grey,Neha Chopra,ENG000027236,CHS00000027236
81988,DL09AI1987,Hyundai,Creta,Green,Kavya Mehta,ENG000081988,CHS00000081988
27660,DL03AC7659,Maruti,Swift,Red,Deepak Yadav,ENG000027660,CHS00000027660
34688,DL04AD4687,Honda,City,Red,Deepak Yadav,ENG000034688,CHS00000034688
86564,DL09AI6563,Kia,Seltos,Grey,Rahul Kapoor,ENG000086564,CHS00000086564
10642,DL02AB0641,Maruti,Swift,Red,Vikas Bansal,ENG000010642,CHS00000010642
20586,DL03AC0585,Kia,Seltos,Green,Pooja Singh,ENG000020586,CHS00000020586
31440,DL04AD1439,Honda,Amaze,Red,Vikas Sharma,ENG000031440,CHS00000031440
22783,DL03AC2782,Tata,Nexon,White,Deepak Bansal,ENG000022783,CHS00000022783
72351,DL08AH2350,Maruti,Swift,Brown,Priya Yadav,ENG000072351,CHS00000072351
9839,DL01AA9838,Maruti,Baleno,Blue,Vikas Yadav,ENG000009839,CHS00000009839
20518,DL03AC0517,Tata,Nexon,Grey,Rahul Yadav,ENG000020518,CHS00000020518
351,DL01AA0350,Tata,Punch,Blue,Anjali Verma,ENG000000351,CHS00000000351
53546,DL06AF3545,Hyundai,i20,Black,Rahul Singh,ENG000053546,CHS00000053546
59049,DL06AF9048,Toyota,Innova,Green,Pooja Gupta,ENG000059049,CHS00000059049
90358,DL10AJ0357,Hyundai,i20,Blue,Anjali Chopra,ENG000090358,CHS00000090358
77833,DL08AH7832,Honda,City,Silver,Kavya Yadav,ENG000077833,CHS00000077833
61593,DL07AG1592,Maruti,Baleno,Silver,Kavya Chopra,ENG000061593,CHS00000061593
38176,DL04AD8175,Tata,Punch,Green,Simran Patel,ENG000038176,CHS00000038176
4279,DL01AA4278,Toyota,Innova,White,Arjun Verma,ENG000004279,CHS00000004279
30341,DL04AD0340,Hyundai,Creta,Black,Simran Verma,ENG000030341,CHS00000030341
37763,DL04AD7762,Maruti,Swift,White,Kavya Yadav,ENG000037763,CHS00000037763
92663,DL10AJ2662,Maruti,Baleno,Brown,Neha Malhotra,ENG000092663,CHS00000092663
37057,DL04AD7056,Maruti,Swift,White,Kavya Mishra,ENG000037057,CHS00000037057
92142,DL10AJ2141,Maruti,Swift,Black,Vikas Sharma,ENG000092142,CHS00000092142
59511,DL06AF9510,Mahindra,XUV700,Silver,Deepak Patel,ENG000059511,CHS00000059511
9330,DL01AA9329,Honda,City,Black,Rahul Yadav,ENG000009330,CHS00000009330
90097,DL10AJ0096,Hyundai,Creta,Grey,Manish Malhotra,ENG000090097,CHS00000090097
30596,DL04AD0595,Hyundai,i20,Green,Manish Bansal,ENG000030596,CHS00000030596
34676,DL04AD4675,Honda,City,Black,Arjun Kapoor,ENG000034676,CHS00000034676
81928,DL09AI1927,Honda,Amaze,Green,Deepak Malhotra,ENG000081928,CHS00000081928
77305,DL08AH7304,Mahindra,XUV700,Blue,Anjali Mishra,ENG000077305,CHS00000077305
86663,DL09AI6662,Hyundai,Creta,Green,Simran Singh,ENG000086663,CHS00000086663
25929,DL03AC5928,Kia,Seltos,Blue,Manish Chopra,ENG000025929,CHS00000025929
55724,DL06AF5723,Hyundai,i20,Grey,Vikas Yadav,ENG000055724,CHS00000055724
15044,DL02AB5043,Hyundai,Creta,Black,Anjali Bansal,ENG000015044,CHS00000015044
71377,DL08AH1376,Mahindra,XUV700,Black,Pooja Verma,ENG000071377,CHS00000071377
29467,DL03AC9466,Toyota,Innova,Silver,Manish Sharma,ENG000029467,CHS00000029467
84887,DL09AI4886,Maruti,Swift,Silver,Anjali Kapoor,ENG000084887,CHS00000084887
19529,DL02AB9528,Mahindra,XUV700,Grey,Neha Bansal,ENG000019529,CHS00000019529
34817,DL04AD4816,Honda,Amaze,Black,Neha Sharma,ENG000034817,CHS00000034817
18644,DL02AB8643,Hyundai,Creta,Silver,Simran Patel,ENG000018644,CHS00000018644
9360,DL01AA9359,Kia,Seltos,Brown,Pooja Kapoor,ENG000009360,CHS00000009360
7817,DL01AA7816,Tata,Punch,Red,Anjali Gupta,ENG000007817,CHS00000007817
21748,DL03AC1747,Hyundai,i20,White,Priya Patel,ENG000021748,CHS00000021748
40320,DL05AE0319,Kia,Seltos,Blue,Neha Mehta,ENG000040320,CHS00000040320
77994,DL08AH7993,Kia,Seltos,Red,Arjun Singh,ENG000077994,CHS00000077994
98168,DL10AJ8167,Maruti,Baleno,Brown,Simran Malhotra,ENG000098168,CHS00000098168
74608,DL08AH4607,Hyundai,i20,Silver,Vikas Patel,ENG000074608,CHS00000074608
37829,DL04AD7828,Maruti,Baleno,Black,Neha Malhotra,ENG000037829,CHS00000037829
57561,DL06AF7560,Mahindra,XUV700,Red,Kavya Malhotra,ENG000057561,CHS00000057561
16300,DL02AB6299,Maruti,Baleno,White,Arjun Bansal,ENG000016300,CHS00000016300
61434,DL07AG1433,Honda,Amaze,Grey,Arjun Gupta,ENG000061434,CHS00000061434
90267,DL10AJ0266,Toyota,Innova,Red,Priya Sharma,ENG000090267,CHS00000090267
39858,DL04AD9857,Honda,City,Silver,Arjun Patel,ENG000039858,CHS00000039858
91716,DL10AJ1715,Mahindra,XUV700,White,Rahul Verma,ENG000091716,CHS00000091716
52758,DL06AF2757,Honda,Amaze,Brown,Rohit Gupta,ENG000052758,CHS00000052758
35684,DL04AD5683,Tata,Nexon,Black,Priya Bansal,ENG000035684,CHS00000035684
65598,DL07AG5597,Honda,Amaze,Blue,Kavya Patel,ENG000065598,CHS00000065598
70777,DL08AH0776,Tata,Punch,Brown,Kavya Kapoor,ENG000070777,CHS00000070777
64723,DL07AG4722,Maruti,Swift,Black,Rahul Malhotra,ENG000064723,CHS00000064723
57378,DL06AF7377,Maruti,Swift,Silver,Anjali Bansal,ENG000057378,CHS00000057378
10544,DL02AB0543,Kia,Seltos,Blue,Vikas Mehta,ENG000010544,CHS00000010544
78386,DL08AH8385,Honda,Amaze,White,Rahul Singh,ENG000078386,CHS00000078386
5225,DL01AA5224,Tata,Punch,Black,Deepak Malhotra,ENG000005225,CHS00000005225
56627,DL06AF6626,Honda,Amaze,White,Kavya Gupta,ENG000056627,CHS00000056627
96277,DL10AJ6276,Kia,Seltos,Brown,Rahul Mishra,ENG000096277,CHS00000096277
42248,DL05AE2247,Tata,Punch,Grey,Pooja Gupta,ENG000042248,CHS00000042248
79130,DL08AH9129,Hyundai,i20,Black,Simran Chopra,ENG000079130,CHS00000079130
32817,DL04AD2816,Tata,Punch,Blue,Vikas Malhotra,ENG000032817,CHS00000032817
3391,DL01AA3390,Hyundai,i20,Silver,Pooja Malhotra,ENG000003391,CHS00000003391
11971,DL02AB1970,Honda,Amaze,Blue,Anjali Sharma,ENG000011971,CHS00000011971
30006,DL04AD0005,Hyundai,Creta,Black,Deepak Kapoor,ENG000030006,CHS00000030006
88382,DL09AI8381,Mahindra,XUV700,Green,Neha Malhotra,ENG000088382,CHS00000088382
75393,DL08AH5392,Hyundai,Creta,Green,Rahul Mishra,ENG000075393,CHS00000075393
76956,DL08AH6955,Hyundai,i20,Blue,Neha Sharma,ENG000076956,CHS00000076956
2720,DL01AA2719,Maruti,Baleno,Brown,Rahul Patel,ENG000002720,CHS00000002720
88118,DL09AI8117,Tata,Punch,Brown,Neha Mishra,ENG000088118,CHS00000088118
35326,DL04AD5325,Maruti,Baleno,White,Arjun Patel,ENG000035326,CHS00000035326
75530,DL08AH5529,Hyundai,i20,Grey,Neha Mishra,ENG000075530,CHS00000075530
5274,DL01AA5273,Tata,Punch,Blue,Pooja Patel,ENG000005274,CHS00000005274
99126,DL10AJ9125,Mahindra,XUV700,Black,Priya Verma,ENG000099126,CHS00000099126
22963,DL03AC2962,Tata,Punch,Silver,Priya Kapoor,ENG000022963,CHS00000022963
61670,DL07AG1669,Toyota,Innova,Silver,Vikas Chopra,ENG000061670,CHS00000061670
68022,DL07AG8021,Maruti,Baleno,Brown,Manish Singh,ENG000068022,CHS00000068022
85395,DL09AI5394,Tata,Nexon,Blue,Deepak Malhotra,ENG000085395,CHS00000085395
57964,DL06AF7963,Toyota,Innova,Green,Vikas Bansal,ENG000057964,CHS00000057964
36459,DL04AD6458,Hyundai,i20,Green,Rahul Mishra,ENG000036459,CHS00000036459
23789,DL03AC3788,Mahindra,XUV700,White,Vikas Kapoor,ENG000023789,CHS00000023789
76721,DL08AH6720,Tata,Nexon,Green,Rahul Patel,ENG000076721,CHS00000076721
57133,DL06AF7132,Kia,Seltos,Grey,Priya Chopra,ENG000057133,CHS00000057133
83203,DL09AI3202,Honda,Amaze,Green,Rohit Gupta,ENG000083203,CHS00000083203
64452,DL07AG4451,Maruti,Swift,Black,Vikas Yadav,ENG000064452,CHS00000064452
11960,DL02AB1959,Honda,Amaze,Black,Neha Verma,ENG000011960,CHS00000011960
61606,DL07AG1605,Maruti,Baleno,Red,Simran Mishra,ENG000061606,CHS00000061606
45608,DL05AE5607,Mahindra,XUV700,Silver,Simran Singh,ENG000045608,CHS00000045608
53524,DL06AF3523,Mahindra,XUV700,Black,Vikas Yadav,ENG000053524,CHS00000053524
43688,DL05AE3687,Honda,Amaze,Green,Priya Patel,ENG000043688,CHS00000043688
42082,DL05AE2081,Tata,Punch,Black,Deepak Patel,ENG000042082,CHS00000042082
87836,DL09AI7835,Hyundai,Creta,Blue,Manish Verma,ENG000087836,CHS00000087836
13711,DL02AB3710,Maruti,Swift,Silver,Deepak Malhotra,ENG000013711,CHS00000013711
21080,DL03AC1079,Mahindra,XUV700,Red,Neha Chopra,ENG000021080,CHS00000021080
43229,DL05AE3228,Tata,Punch,Grey,Rahul Verma,ENG000043229,CHS00000043229
53956,DL06AF3955,Honda,Amaze,Black,Arjun Malhotra,ENG000053956,CHS00000053956
90922,DL10AJ0921,Toyota,Innova,Blue,Pooja Mehta,ENG000090922,CHS00000090922
64943,DL07AG4942,Kia,Seltos,Grey,Rohit Mehta,ENG000064943,CHS00000064943
37778,DL04AD7777,Honda,Amaze,Red,Deepak Mishra,ENG000037778,CHS00000037778
86847,DL09AI6846,Toyota,Innova,Red,Anjali Mehta,ENG000086847,CHS00000086847
52489,DL06AF2488,Hyundai,i20,Grey,Kavya Yadav,ENG000052489,CHS00000052489
99681,DL10AJ9680,Maruti,Baleno,Black,Rohit Mishra,ENG000099681,CHS00000099681
72103,DL08AH2102,Hyundai,Creta,Black,Rohit Verma,ENG000072103,CHS00000072103
4810,DL01AA4809,Toyota,Innova,Green,Vikas Singh,ENG000004810,CHS00000004810
59615,DL06AF9614,Tata,Punch,Silver,Rohit Gupta,ENG000059615,CHS00000059615
11543,DL02AB1542,Maruti,Baleno,Brown,Deepak Singh,ENG000011543,CHS00000011543
41225,DL05AE1224,Maruti,Baleno,Red,Priya Mehta,ENG000041225,CHS00000041225
33083,DL04AD3082,Tata,Punch,Blue,Deepak Kapoor,ENG000033083,CHS00000033083
42373,DL05AE2372,Tata,Nexon,Blue,Vikas Patel,ENG000042373,CHS00000042373
15195,DL02AB5194,Tata,Punch,Red,Priya Sharma,ENG000015195,CHS00000015195
52977,DL06AF2976,Maruti,Baleno,Blue,Manish Yadav,ENG000052977,CHS00000052977
67450,DL07AG7449,Honda,City,Grey,Neha Kapoor,ENG000067450,CHS00000067450
151,DL01AA0150,Kia,Seltos,Brown,Neha Mehta,ENG000000151,CHS00000000151
86201,DL09AI6200,Tata,Punch,Silver,Pooja Kapoor,ENG000086201,CHS00000086201
71119,DL08AH1118,Honda,City,Silver,Kavya Mehta,ENG000071119,CHS00000071119
60553,DL07AG0552,Mahindra,XUV700,Black,Priya Malhotra,ENG000060553,CHS00000060553
54166,DL06AF4165,Hyundai,Creta,Blue,Vikas Sharma,ENG000054166,CHS00000054166
7105,DL01AA7104,Hyundai,Creta,Brown,Manish Malhotra,ENG000007105,CHS00000007105
24587,DL03AC4586,Kia,Seltos,White,Priya Chopra,ENG000024587,CHS00000024587
67953,DL07AG7952,Tata,Punch,Black,Deepak Singh,ENG000067953,CHS00000067953
47420,DL05AE7419,Honda,Amaze,White,Anjali Chopra,ENG000047420,CHS00000047420
81610,DL09AI1609,Honda,City,White,Pooja Singh,ENG000081610,CHS00000081610
99149,DL10AJ9148,Kia,Seltos,Silver,Vikas Mishra,ENG000099149,CHS00000099149
65339,DL07AG5338,Kia,Seltos,Red,Deepak Singh,ENG000065339,CHS00000065339
81974,DL09AI1973,Kia,Seltos,Green,Arjun Yadav,ENG000081974,CHS00000081974
57940,DL06AF7939,Hyundai,Creta,Silver,Simran Mishra,ENG000057940,CHS00000057940
99614,DL10AJ9613,Toyota,Innova,Red,Deepak Yadav,ENG000099614,CHS00000099614
6765,DL01AA6764,Tata,Punch,Grey,Rohit Mishra,ENG000006765,CHS00000006765
26681,DL03AC6680,Kia,Seltos,White,Rahul Chopra,ENG000026681,CHS00000026681
35004,DL04AD5003,Mahindra,XUV700,Red,Manish Yadav,ENG000035004,CHS00000035004
71988,DL08AH1987,Hyundai,i20,Silver,Pooja Gupta,ENG000071988,CHS00000071988
17173,DL02AB7172,Tata,Punch,Blue,Priya Chopra,ENG000017173,CHS00000017173
37753,DL04AD7752,Maruti,Baleno,Red,Pooja Gupta,ENG000037753,CHS00000037753
57425,DL06AF7424,Maruti,Baleno,Red,Kavya Mishra,ENG000057425,CHS00000057425
91522,DL10AJ1521,Honda,Amaze,Green,Priya Gupta,ENG000091522,CHS00000091522
63533,DL07AG3532,Tata,Punch,White,Rohit Patel,ENG000063533,CHS00000063533
15916,DL02AB5915,Hyundai,i20,Brown,Arjun Malhotra,ENG000015916,CHS00000015916
3784,DL01AA3783,Toyota,Innova,Brown,Priya Kapoor,ENG000003784,CHS00000003784
82579,DL09AI2578,Maruti,Swift,Green,Manish Verma,ENG000082579,CHS00000082579
79807,DL08AH9806,Mahindra,XUV700,Silver,Simran Verma,ENG000079807,CHS00000079807
31366,DL04AD1365,Maruti,Swift,Grey,Rahul Patel,ENG000031366,CHS00000031366
93033,DL10AJ3032,Maruti,Swift,White,Deepak Patel,ENG000093033,CHS00000093033
20759,DL03AC0758,Honda,City,Green,Pooja Sharma,ENG000020759,CHS00000020759
40731,DL05AE0730,Honda,City,Brown,Neha Chopra,ENG000040731,CHS00000040731
72200,DL08AH2199,Kia,Seltos,White,Rohit Patel,ENG000072200,CHS00000072200
1793,DL01AA1792,Hyundai,Creta,Red,Simran Bansal,ENG000001793,CHS00000001793
72385,DL08AH2384,Hyundai,Creta,Silver,Pooja Bansal,ENG000072385,CHS00000072385
53477,DL06AF3476,Honda,City,Silver,Anjali Malhotra,ENG000053477,CHS00000053477
12218,DL02AB2217,Tata,Nexon,Black,Anjali Kapoor,ENG000012218,CHS00000012218
14872,DL02AB4871,Tata,Nexon,White,Rohit Patel,ENG000014872,CHS00000014872
60483,DL07AG0482,Honda,Amaze,Blue,Vikas Patel,ENG000060483,CHS00000060483
15397,DL02AB5396,Hyundai,i20,White,Manish Gupta,ENG000015397,CHS00000015397
84897,DL09AI4896,Tata,Punch,Silver,Rohit Mishra,ENG000084897,CHS00000084897
20182,DL03AC0181,Honda,Amaze,Grey,Rohit Verma,ENG000020182,CHS00000020182
65324,DL07AG5323,Hyundai,i20,Green,Neha Chopra,ENG000065324,CHS00000065324
93927,DL10AJ3926,Tata,Punch,Silver,Deepak Sharma,ENG000093927,CHS00000093927
38255,DL04AD8254,Mahindra,XUV700,Blue,Vikas Mishra,ENG000038255,CHS00000038255
66699,DL07AG6698,Toyota,Innova,Brown,Arjun Patel,ENG000066699,CHS00000066699
92460,DL10AJ2459,Mahindra,XUV700,White,Deepak Mehta,ENG000092460,CHS00000092460
35839,DL04AD5838,Maruti,Swift,Green,Pooja Kapoor,ENG000035839,CHS00000035839
54460,DL06AF4459,Hyundai,i20,Silver,Vikas Chopra,ENG000054460,CHS00000054460
63243,DL07AG3242,Maruti,Swift,Grey,Rahul Kapoor,ENG000063243,CHS00000063243
61895,DL07AG1894,Tata,Nexon,Green,Arjun Verma,ENG000061895,CHS00000061895
31947,DL04AD1946,Kia,Seltos,Red,Pooja Verma,ENG000031947,CHS00000031947
59872,DL06AF9871,Honda,Amaze,Grey,Kavya Mehta,ENG000059872,CHS00000059872
72256,DL08AH2255,Honda,Amaze,Silver,Simran Gupta,ENG000072256,CHS00000072256
18959,DL02AB8958,Mahindra,XUV700,Silver,Kavya Singh,ENG000018959,CHS00000018959
50278,DL06AF0277,Toyota,Innova,White,Neha Sharma,ENG000050278,CHS00000050278
24984,DL03AC4983,Hyundai,i20,Silver,Simran Patel,ENG000024984,CHS00000024984
78562,DL08AH8561,Honda,Amaze,Green,Rahul Sharma,ENG000078562,CHS00000078562
66617,DL07AG6616,Kia,Seltos,Silver,Pooja Mehta,ENG000066617,CHS00000066617
97819,DL10AJ7818,Maruti,Swift,Red,Deepak Mishra,ENG000097819,CHS00000097819
17893,DL02AB7892,Mahindra,XUV700,Grey,Rohit Gupta,ENG000017893,CHS00000017893
9151,DL01AA9150,Kia,Seltos,Red,Vikas Singh,ENG000009151,CHS00000009151
36209,DL04AD6208,Honda,City,Grey,Manish Singh,ENG000036209,CHS00000036209
54388,DL06AF4387,Hyundai,i20,Blue,Priya Mishra,ENG000054388,CHS00000054388
44549,DL05AE4548,Kia,Seltos,Black,Pooja Chopra,ENG000044549,CHS00000044549
66551,DL07AG6550,Hyundai,Creta,White,Neha Sharma,ENG000066551,CHS00000066551
35019,DL04AD5018,Toyota,Innova,Red,Simran Mishra,ENG000035019,CHS00000035019
337,DL01AA0336,Mahindra,XUV700,White,Neha Kapoor,ENG000000337,CHS00000000337
37073,DL04AD7072,Maruti,Baleno,Black,Neha Bansal,ENG000037073,CHS00000037073
95165,DL10AJ5164,Hyundai,i20,Red,Neha Kapoor,ENG000095165,CHS00000095165
39133,DL04AD9132,Maruti,Swift,Green,Arjun Mehta,ENG000039133,CHS00000039133
76932,DL08AH6931,Maruti,Baleno,Blue,Neha Malhotra,ENG000076932,CHS00000076932
76012,DL08AH6011,Honda,Amaze,Red,Priya Mishra,ENG000076012,CHS00000076012
86500,DL09AI6499,Tata,Nexon,Brown,Neha Verma,ENG000086500,CHS00000086500
64179,DL07AG4178,Maruti,Baleno,Black,Vikas Mishra,ENG000064179,CHS00000064179
19477,DL02AB9476,Hyundai,Creta,Green,Pooja Mishra,ENG000019477,CHS00000019477
58530,DL06AF8529,Tata,Punch,Green,Anjali Mehta,ENG000058530,CHS00000058530
70593,DL08AH0592,Honda,City,Silver,Rahul Gupta,ENG000070593,CHS00000070593
63484,DL07AG3483,Mahindra,XUV700,White,Anjali Chopra,ENG000063484,CHS00000063484
45237,DL05AE5236,Honda,City,Brown,Pooja Bansal,ENG000045237,CHS00000045237
43574,DL05AE3573,Hyundai,i20,Grey,Manish Malhotra,ENG000043574,CHS00000043574
72341,DL08AH2340,Hyundai,Creta,Green,Rohit Mishra,ENG000072341,CHS00000072341
99992,DL10AJ9991,Toyota,Innova,Silver,Rahul Chopra,ENG000099992,CHS00000099992
71229,DL08AH1228,Hyundai,i20,Brown,Kavya Sharma,ENG000071229,CHS00000071229
49442,DL05AE9441,Honda,Amaze,White,Vikas Yadav,ENG000049442,CHS00000049442
59683,DL06AF9682,Maruti,Swift,Brown,Simran Sharma,ENG000059683,CHS00000059683
42177,DL05AE2176,Toyota,Innova,Grey,Kavya Gupta,ENG000042177,CHS00000042177
24728,DL03AC4727,Honda,City,Green,Neha Singh,ENG000024728,CHS00000024728
91423,DL10AJ1422,Mahindra,XUV700,Green,Pooja Gupta,ENG000091423,CHS00000091423
31301,DL04AD1300,Toyota,Innova,Green,Anjali Yadav,ENG000031301,CHS00000031301
74947,DL08AH4946,Honda,Amaze,Brown,Anjali Mehta,ENG000074947,CHS00000074947
50197,DL06AF0196,Toyota,Innova,White,Vikas Kapoor,ENG000050197,CHS00000050197
30614,DL04AD0613,Tata,Nexon,Grey,Arjun Gupta,ENG000030614,CHS00000030614
53842,DL06AF3841,Tata,Nexon,Brown,Pooja Patel,ENG000053842,CHS00000053842
5721,DL01AA5720,Mahindra,XUV700,Green,Kavya Mehta,ENG000005721,CHS00000005721
41705,DL05AE1704,Tata,Punch,Blue,Manish Sharma,ENG000041705,CHS00000041705
97610,DL10AJ7609,Maruti,Swift,Brown,Deepak Verma,ENG000097610,CHS00000097610
92436,DL10AJ2435,Honda,City,Brown,Rohit Singh,ENG000092436,CHS00000092436
49969,DL05AE9968,Toyota,Innova,Blue,Rahul Kapoor,ENG000049969,CHS00000049969
50605,DL06AF0604,Maruti,Swift,Grey,Kavya Singh,ENG000050605,CHS00000050605
86992,DL09AI6991,Maruti,Baleno,Black,Pooja Kapoor,ENG000086992,CHS00000086992
85462,DL09AI5461,Toyota,Innova,Black,Rohit Patel,ENG000085462,CHS00000085462
19937,DL02AB9936,Toyota,Innova,Blue,Manish Sharma,ENG000019937,CHS00000019937
64924,DL07AG4923,Kia,Seltos,Grey,Rohit Patel,ENG000064924,CHS00000064924
4853,DL01AA4852,Maruti,Baleno,Blue,Pooja Bansal,ENG000004853,CHS00000004853
16548,DL02AB6547,Honda,Amaze,Green,Rohit Yadav,ENG000016548,CHS00000016548
65837,DL07AG5836,Tata,Nexon,Blue,Simran Mishra,ENG000065837,CHS00000065837
77357,DL08AH7356,Maruti,Swift,Blue,Neha Mehta,ENG000077357,CHS00000077357
43516,DL05AE3515,Tata,Punch,Brown,Priya Bansal,ENG000043516,CHS00000043516
13155,DL02AB3154,Mahindra,XUV700,Grey,Pooja Verma,ENG000013155,CHS00000013155
57712,DL06AF7711,Hyundai,Creta,Silver,Anjali Patel,ENG000057712,CHS00000057712
13070,DL02AB3069,Tata,Nexon,Brown,Pooja Kapoor,ENG000013070,CHS00000013070
68938,DL07AG8937,Mahindra,XUV700,Red,Arjun Yadav,ENG000068938,CHS00000068938
59891,DL06AF9890,Tata,Nexon,Grey,Rahul Singh,ENG000059891,CHS00000059891
2012,DL01AA2011,Tata,Nexon,Black,Manish Yadav,ENG000002012,CHS00000002012
94693,DL10AJ4692,Honda,City,Green,Pooja Malhotra,ENG000094693,CHS00000094693
18895,DL02AB8894,Honda,Amaze,White,Pooja Singh,ENG000018895,CHS00000018895
53737,DL06AF3736,Tata,Punch,Brown,Vikas Malhotra,ENG000053737,CHS00000053737
85824,DL09AI5823,Mahindra,XUV700,Red,Neha Gupta,ENG000085824,CHS00000085824
20233,DL03AC0232,Honda,Amaze,Grey,Kavya Mehta,ENG000020233,CHS00000020233
9808,DL01AA9807,Kia,Seltos,Grey,Anjali Verma,ENG000009808,CHS00000009808
61538,DL07AG1537,Maruti,Baleno,Silver,Rohit Kapoor,ENG000061538,CHS00000061538
34738,DL04AD4737,Honda,City,Silver,Simran Malhotra,ENG000034738,CHS00000034738
44376,DL05AE4375,Tata,Nexon,White,Vikas Patel,ENG000044376,CHS00000044376
81692,DL09AI1691,Maruti,Swift,Red,Manish Malhotra,ENG000081692,CHS00000081692
90795,DL10AJ0794,Kia,Seltos,Grey,Rahul Bansal,ENG000090795,CHS00000090795
52099,DL06AF2098,Tata,Punch,Silver,Vikas Mishra,ENG000052099,CHS00000052099
85176,DL09AI5175,Toyota,Innova,White,Simran Mishra,ENG000085176,CHS00000085176
10528,DL02AB0527,Kia,Seltos,Blue,Manish Mehta,ENG000010528,CHS00000010528
43066,DL05AE3065,Honda,Amaze,Grey,Rahul Mishra,ENG000043066,CHS00000043066
88390,DL09AI8389,Toyota,Innova,Green,Rohit Sharma,ENG000088390,CHS00000088390
69943,DL07AG9942,Hyundai,i20,White,Vikas Chopra,ENG000069943,CHS00000069943
49809,DL05AE9808,Maruti,Swift,Grey,Rahul Gupta,ENG000049809,CHS00000049809
41506,DL05AE1505,Maruti,Swift,Brown,Kavya Yadav,ENG000041506,CHS00000041506
82156,DL09AI2155,Honda,City,Blue,Deepak Verma,ENG000082156,CHS00000082156
94204,DL10AJ4203,Toyota,Innova,Blue,Anjali Malhotra,ENG000094204,CHS00000094204
99537,DL10AJ9536,Hyundai,Creta,Silver,Rahul Gupta,ENG000099537,CHS00000099537
63957,DL07AG3956,Tata,Nexon,White,Arjun Singh,ENG000063957,CHS00000063957
70913,DL08AH0912,Mahindra,XUV700,White,Neha Yadav,ENG000070913,CHS00000070913
4706,DL01AA4705,Hyundai,i20,Green,Neha Kapoor,ENG000004706,CHS00000004706
80932,DL09AI0931,Honda,Amaze,Black,Manish Mehta,ENG000080932,CHS00000080932
8969,DL01AA8968,Tata,Nexon,Brown,Simran Mehta,ENG000008969,CHS00000008969
30772,DL04AD0771,Honda,City,Red,Pooja Mishra,ENG000030772,CHS00000030772
82728,DL09AI2727,Hyundai,Creta,Black,Manish Kapoor,ENG000082728,CHS00000082728
89706,DL09AI9705,Toyota,Innova,Blue,Anjali Patel,ENG000089706,CHS00000089706
37668,DL04AD7667,Tata,Punch,White,Priya Singh,ENG000037668,CHS00000037668
29818,DL03AC9817,Tata,Nexon,Black,Simran Patel,ENG000029818,CHS00000029818
97881,DL10AJ7880,Toyota,Innova,White,Pooja Verma,ENG000097881,CHS00000097881
11847,DL02AB1846,Kia,Seltos,Green,Rahul Gupta,ENG000011847,CHS00000011847
56882,DL06AF6881,Honda,Amaze,Blue,Arjun Sharma,ENG000056882,CHS00000056882
12904,DL02AB2903,Hyundai,Creta,Silver,Manish Mishra,ENG000012904,CHS00000012904
99664,DL10AJ9663,Honda,City,Red,Arjun Kapoor,ENG000099664,CHS00000099664
83067,DL09AI3066,Kia,Seltos,Red,Vikas Singh,ENG000083067,CHS00000083067
92261,DL10AJ2260,Maruti,Swift,Blue,Neha Yadav,ENG000092261,CHS00000092261
13174,DL02AB3173,Maruti,Swift,Brown,Kavya Sharma,ENG000013174,CHS00000013174
58154,DL06AF8153,Maruti,Swift,White,Anjali Mehta,ENG000058154,CHS00000058154
21806,DL03AC1805,Tata,Nexon,Blue,Neha Malhotra,ENG000021806,CHS00000021806
90965,DL10AJ0964,Kia,Seltos,Red,Rohit Gupta,ENG000090965,CHS00000090965
39252,DL04AD9251,Maruti,Swift,Brown,Pooja Kapoor,ENG000039252,CHS00000039252
3795,DL01AA3794,Kia,Seltos,White,Neha Patel,ENG000003795,CHS00000003795
6029,DL01AA6028,Tata,Punch,White,Anjali Malhotra,ENG000006029,CHS00000006029
42517,DL05AE2516,Mahindra,XUV700,White,Arjun Bansal,ENG000042517,CHS00000042517
7356,DL01AA7355,Honda,City,Silver,Manish Malhotra,ENG000007356,CHS00000007356
38453,DL04AD8452,Maruti,Baleno,White,Rahul Mishra,ENG000038453,CHS00000038453
46985,DL05AE6984,Honda,City,Grey,Neha Mehta,ENG000046985,CHS00000046985
49132,DL05AE9131,Maruti,Swift,Silver,Priya Mehta,ENG000049132,CHS00000049132
56451,DL06AF6450,Hyundai,i20,Green,Deepak Bansal,ENG000056451,CHS00000056451
19081,DL02AB9080,Maruti,Baleno,Brown,Vikas Yadav,ENG000019081,CHS00000019081
32008,DL04AD2007,Maruti,Swift,Grey,Anjali Kapoor,ENG000032008,CHS00000032008
69622,DL07AG9621,Maruti,Swift,Green,Vikas Mishra,ENG000069622,CHS00000069622
54009,DL06AF4008,Mahindra,XUV700,Brown,Priya Yadav,ENG000054009,CHS00000054009
89365,DL09AI9364,Tata,Punch,Silver,Rohit Sharma,ENG000089365,CHS00000089365
23601,DL03AC3600,Tata,Punch,Red,Neha Patel,ENG000023601,CHS00000023601
22281,DL03AC2280,Toyota,Innova,Black,Neha Kapoor,ENG000022281,CHS00000022281
22947,DL03AC2946,Maruti,Swift,White,Arjun Kapoor,ENG000022947,CHS00000022947
10351,DL02AB0350,Kia,Seltos,Grey,Rohit Verma,ENG000010351,CHS00000010351
79888,DL08AH9887,Hyundai,i20,Blue,Pooja Gupta,ENG000079888,CHS00000079888
81227,DL09AI1226,Honda,Amaze,Blue,Priya Chopra,ENG000081227,CHS00000081227
89540,DL09AI9539,Honda,Amaze,Brown,Simran Mishra,ENG000089540,CHS00000089540
31567,DL04AD1566,Honda,City,Green,Manish Yadav,ENG000031567,CHS00000031567
65231,DL07AG5230,Tata,Nexon,Green,Manish Singh,ENG000065231,CHS00000065231
76436,DL08AH6435,Hyundai,i20,Black,Vikas Chopra,ENG000076436,CHS00000076436
18759,DL02AB8758,Maruti,Baleno,White,Neha Singh,ENG000018759,CHS00000018759
30434,DL04AD0433,Tata,Nexon,White,Simran Bansal,ENG000030434,CHS00000030434
60444,DL07AG0443,Toyota,Innova,Red,Rohit Mehta,ENG000060444,CHS00000060444
83612,DL09AI3611,Honda,Amaze,Silver,Deepak Mishra,ENG000083612,CHS00000083612
33290,DL04AD3289,Honda,Amaze,Red,Pooja Kapoor,ENG000033290,CHS00000033290
60237,DL07AG0236,Hyundai,i20,Silver,Manish Bansal,ENG000060237,CHS00000060237
33467,DL04AD3466,Maruti,Baleno,Green,Priya Bansal,ENG000033467,CHS00000033467
87405,DL09AI7404,Mahindra,XUV700,Brown,Kavya Chopra,ENG000087405,CHS00000087405
1232,DL01AA1231,Toyota,Innova,Black,Priya Kapoor,ENG000001232,CHS00000001232
60982,DL07AG0981,Tata,Punch,Brown,Vikas Chopra,ENG000060982,CHS00000060982
37701,DL04AD7700,Maruti,Baleno,Black,Priya Mehta,ENG000037701,CHS00000037701
88816,DL09AI8815,Honda,Amaze,Black,Rahul Yadav,ENG000088816,CHS00000088816
71644,DL08AH1643,Kia,Seltos,Brown,Rohit Sharma,ENG000071644,CHS00000071644
20707,DL03AC0706,Kia,Seltos,Green,Rahul Patel,ENG000020707,CHS00000020707
9682,DL01AA9681,Kia,Seltos,Red,Rohit Verma,ENG000009682,CHS00000009682
57899,DL06AF7898,Hyundai,i20,Blue,Pooja Malhotra,ENG000057899,CHS00000057899
45294,DL05AE5293,Toyota,Innova,Red,Rahul Malhotra,ENG000045294,CHS00000045294
77015,DL08AH7014,Tata,Punch,Black,Simran Mishra,ENG000077015,CHS00000077015
39211,DL04AD9210,Honda,Amaze,Blue,Simran Patel,ENG000039211,CHS00000039211
83747,DL09AI3746,Maruti,Swift,Green,Arjun Sharma,ENG000083747,CHS00000083747
55616,DL06AF5615,Tata,Nexon,Brown,Kavya Singh,ENG000055616,CHS00000055616
90481,DL10AJ0480,Tata,Punch,Grey,Kavya Yadav,ENG000090481,CHS00000090481
32781,DL04AD2780,Mahindra,XUV700,Red,Vikas Chopra,ENG000032781,CHS00000032781
59879,DL06AF9878,Maruti,Swift,White,Anjali Singh,ENG000059879,CHS00000059879
39600,DL04AD9599,Hyundai,i20,Black,Manish Mehta,ENG000039600,CHS00000039600
26112,DL03AC6111,Hyundai,i20,Blue,Anjali Malhotra,ENG000026112,CHS00000026112
50423,DL06AF0422,Hyundai,Creta,Silver,Kavya Malhotra,ENG000050423,CHS00000050423
63336,DL07AG3335,Kia,Seltos,Green,Rahul Singh,ENG000063336,CHS00000063336
13980,DL02AB3979,Maruti,Swift,Black,Simran Mehta,ENG000013980,CHS00000013980
31092,DL04AD1091,Hyundai,i20,Silver,Rohit Chopra,ENG000031092,CHS00000031092
49987,DL05AE9986,Kia,Seltos,Brown,Deepak Verma,ENG000049987,CHS00000049987
74964,DL08AH4963,Maruti,Swift,Grey,Priya Sharma,ENG000074964,CHS00000074964
47050,DL05AE7049,Mahindra,XUV700,White,Deepak Patel,ENG000047050,CHS00000047050
75342,DL08AH5341,Maruti,Swift,White,Arjun Malhotra,ENG000075342,CHS00000075342
38781,DL04AD8780,Hyundai,Creta,Grey,Priya Sharma,ENG000038781,CHS00000038781
91656,DL10AJ1655,Maruti,Baleno,White,Priya Verma,ENG000091656,CHS00000091656
38697,DL04AD8696,Tata,Punch,Brown,Vikas Chopra,ENG000038697,CHS00000038697
2876,DL01AA2875,Tata,Punch,Blue,Neha Singh,ENG000002876,CHS00000002876
86276,DL09AI6275,Tata,Nexon,Brown,Simran Yadav,ENG000086276,CHS00000086276
51880,DL06AF1879,Hyundai,Creta,Brown,Kavya Singh,ENG000051880,CHS00000051880
35977,DL04AD5976,Honda,Amaze,Black,Neha Bansal,ENG000035977,CHS00000035977
1062,DL01AA1061,Honda,Amaze,Black,Kavya Mehta,ENG000001062,CHS00000001062
89890,DL09AI9889,Maruti,Baleno,Silver,Rahul Singh,ENG000089890,CHS00000089890
97606,DL10AJ7605,Tata,Punch,Blue,Vikas Patel,ENG000097606,CHS00000097606
6429,DL01AA6428,Honda,Amaze,Blue,Anjali Sharma,ENG000006429,CHS00000006429
79483,DL08AH9482,Hyundai,i20,White,Pooja Mehta,ENG000079483,CHS00000079483
97672,DL10AJ7671,Honda,Amaze,Silver,Kavya Gupta,ENG000097672,CHS00000097672
65108,DL07AG5107,Hyundai,i20,Silver,Arjun Verma,ENG000065108,CHS00000065108
37513,DL04AD7512,Hyundai,Creta,Grey,Simran Mehta,ENG000037513,CHS00000037513
30163,DL04AD0162,Honda,City,Green,Pooja Mishra,ENG000030163,CHS00000030163
79570,DL08AH9569,Mahindra,XUV700,Red,Rohit Yadav,ENG000079570,CHS00000079570
46180,DL05AE6179,Hyundai,i20,Black,Kavya Sharma,ENG000046180,CHS00000046180
28706,DL03AC8705,Honda,City,Green,Vikas Gupta,ENG000028706,CHS00000028706
83443,DL09AI3442,Tata,Punch,Silver,Kavya Patel,ENG000083443,CHS00000083443
24921,DL03AC4920,Maruti,Baleno,Blue,Manish Sharma,ENG000024921,CHS00000024921
81382,DL09AI1381,Hyundai,i20,Blue,Rahul Kapoor,ENG000081382,CHS00000081382
32851,DL04AD2850,Tata,Punch,White,Priya Bansal,ENG000032851,CHS00000032851
88836,DL09AI8835,Toyota,Innova,Black,Manish Verma,ENG000088836,CHS00000088836
99036,DL10AJ9035,Honda,Amaze,Silver,Anjali Patel,ENG000099036,CHS00000099036
94494,DL10AJ4493,Honda,Amaze,White,Deepak Gupta,ENG000094494,CHS00000094494
86401,DL09AI6400,Honda,Amaze,White,Pooja Gupta,ENG000086401,CHS00000086401
89242,DL09AI9241,Tata,Nexon,Blue,Simran Patel,ENG000089242,CHS00000089242
17928,DL02AB7927,Honda,City,Brown,Vikas Yadav,ENG000017928,CHS00000017928
82346,DL09AI2345,Toyota,Innova,Silver,Anjali Kapoor,ENG000082346,CHS00000082346
12736,DL02AB2735,Hyundai,i20,Grey,Anjali Kapoor,ENG000012736,CHS00000012736
82243,DL09AI2242,Tata,Punch,Green,Anjali Kapoor,ENG000082243,CHS00000082243
84718,DL09AI4717,Tata,Punch,Blue,Pooja Singh,ENG000084718,CHS00000084718
5168,DL01AA5167,Hyundai,i20,Grey,Vikas Mehta,ENG000005168,CHS00000005168
40493,DL05AE0492,Maruti,Swift,Red,Pooja Malhotra,ENG000040493,CHS00000040493
57780,DL06AF7779,Tata,Nexon,Red,Neha Malhotra,ENG000057780,CHS00000057780
4374,DL01AA4373,Kia,Seltos,Silver,Anjali Mishra,ENG000004374,CHS00000004374
75966,DL08AH5965,Toyota,Innova,White,Rohit Yadav,ENG000075966,CHS00000075966
47824,DL05AE7823,Mahindra,XUV700,Brown,Rohit Mehta,ENG000047824,CHS00000047824
95992,DL10AJ5991,Hyundai,Creta,White,Kavya Mishra,ENG000095992,CHS00000095992
17225,DL02AB7224,Honda,Amaze,Brown,Simran Singh,ENG000017225,CHS00000017225
11814,DL02AB1813,Honda,City,Red,Rahul Singh,ENG000011814,CHS00000011814
38681,DL04AD8680,Tata,Nexon,Grey,Vikas Mehta,ENG000038681,CHS00000038681
42824,DL05AE2823,Toyota,Innova,Grey,Arjun Mehta,ENG000042824,CHS00000042824
97974,DL10AJ7973,Kia,Seltos,White,Pooja Chopra,ENG000097974,CHS00000097974
54461,DL06AF4460,Hyundai,Creta,White,Rahul Singh,ENG000054461,CHS00000054461
23022,DL03AC3021,Hyundai,i20,Brown,Simran Mehta,ENG000023022,CHS00000023022
26319,DL03AC6318,Honda,Amaze,Blue,Kavya Verma,ENG000026319,CHS00000026319
17323,DL02AB7322,Tata,Nexon,Grey,Vikas Yadav,ENG000017323,CHS00000017323
70702,DL08AH0701,Tata,Punch,Black,Simran Mehta,ENG000070702,CHS00000070702
47954,DL05AE7953,Kia,Seltos,Red,Rahul Mishra,ENG000047954,CHS00000047954
69580,DL07AG9579,Honda,City,Green,Pooja Bansal,ENG000069580,CHS00000069580
65772,DL07AG5771,Maruti,Baleno,Grey,Rohit Singh,ENG000065772,CHS00000065772
35721,DL04AD5720,Hyundai,i20,Brown,Neha Bansal,ENG000035721,CHS00000035721
21568,DL03AC1567,Hyundai,i20,Black,Vikas Bansal,ENG000021568,CHS00000021568
33682,DL04AD3681,Hyundai,Creta,Blue,Anjali Patel,ENG000033682,CHS00000033682
63157,DL07AG3156,Mahindra,XUV700,White,Anjali Singh,ENG000063157,CHS00000063157
38685,DL04AD8684,Hyundai,i20,Blue,Pooja Chopra,ENG000038685,CHS00000038685
97854,DL10AJ7853,Maruti,Baleno,Brown,Rahul Yadav,ENG000097854,CHS00000097854
44397,DL05AE4396,Hyundai,Creta,Brown,Kavya Mehta,ENG000044397,CHS00000044397
15096,DL02AB5095,Maruti,Swift,Blue,Anjali Yadav,ENG000015096,CHS00000015096
61386,DL07AG1385,Maruti,Baleno,Red,Vikas Singh,ENG000061386,CHS00000061386
9870,DL01AA9869,Honda,City,Grey,Anjali Chopra,ENG000009870,CHS00000009870
18450,DL02AB8449,Maruti,Swift,Black,Manish Sharma,ENG000018450,CHS00000018450
98849,DL10AJ8848,Hyundai,i20,White,Arjun Patel,ENG000098849,CHS00000098849
29572,DL03AC9571,Tata,Nexon,Black,Arjun Singh,ENG000029572,CHS00000029572
88648,DL09AI8647,Tata,Nexon,Brown,Deepak Yadav,ENG000088648,CHS00000088648
94925,DL10AJ4924,Hyundai,i20,White,Manish Bansal,ENG000094925,CHS00000094925
88396,DL09AI8395,Honda,City,Grey,Kavya Kapoor,ENG000088396,CHS00000088396
52090,DL06AF2089,Tata,Punch,Black,Pooja Yadav,ENG000052090,CHS00000052090
73049,DL08AH3048,Hyundai,Creta,Green,Manish Malhotra,ENG000073049,CHS00000073049
47943,DL05AE7942,Honda,City,Brown,Rahul Mehta,ENG000047943,CHS00000047943
11837,DL02AB1836,Toyota,Innova,Black,Vikas Bansal,ENG000011837,CHS00000011837
51718,DL06AF1717,Hyundai,Creta,Red,Simran Chopra,ENG000051718,CHS00000051718
1825,DL01AA1824,Toyota,Innova,Grey,Deepak Mishra,ENG000001825,CHS00000001825
34664,DL04AD4663,Hyundai,Creta,Brown,Rohit Yadav,ENG000034664,CHS00000034664
70330,DL08AH0329,Toyota,Innova,Black,Arjun Singh,ENG000070330,CHS00000070330
16200,DL02AB6199,Mahindra,XUV700,White,Deepak Bansal,ENG000016200,CHS00000016200
59610,DL06AF9609,Hyundai,Creta,Green,Vikas Mishra,ENG000059610,CHS00000059610
48312,DL05AE8311,Maruti,Baleno,Silver,Simran Singh,ENG000048312,CHS00000048312
88189,DL09AI8188,Honda,Amaze,Green,Manish Singh,ENG000088189,CHS00000088189
98175,DL10AJ8174,Mahindra,XUV700,Blue,Vikas Chopra,ENG000098175,CHS00000098175
88126,DL09AI8125,Tata,Nexon,Green,Anjali Yadav,ENG000088126,CHS00000088126
34363,DL04AD4362,Tata,Nexon,Red,Neha Sharma,ENG000034363,CHS00000034363
76620,DL08AH6619,Tata,Nexon,Black,Kavya Bansal,ENG000076620,CHS00000076620
49942,DL05AE9941,Tata,Punch,Green,Deepak Patel,ENG000049942,CHS00000049942
83696,DL09AI3695,Kia,Seltos,White,Vikas Chopra,ENG000083696,CHS00000083696
48690,DL05AE8689,Maruti,Baleno,Blue,Priya Patel,ENG000048690,CHS00000048690
14202,DL02AB4201,Hyundai,Creta,Green,Pooja Patel,ENG000014202,CHS00000014202
88453,DL09AI8452,Hyundai,Creta,Grey,Rohit Mehta,ENG000088453,CHS00000088453
30648,DL04AD0647,Maruti,Swift,Green,Kavya Patel,ENG000030648,CHS00000030648
61798,DL07AG1797,Kia,Seltos,Blue,Neha Yadav,ENG000061798,CHS00000061798
3281,DL01AA3280,Maruti,Swift,Silver,Vikas Chopra,ENG000003281,CHS00000003281
81206,DL09AI1205,Tata,Punch,Green,Priya Malhotra,ENG000081206,CHS00000081206
73585,DL08AH3584,Tata,Punch,Blue,Anjali Verma,ENG000073585,CHS00000073585
42993,DL05AE2992,Honda,City,Green,Pooja Singh,ENG000042993,CHS00000042993
79965,DL08AH9964,Tata,Nexon,White,Pooja Mishra,ENG000079965,CHS00000079965
29016,DL03AC9015,Maruti,Swift,Silver,Rohit Singh,ENG000029016,CHS00000029016
84890,DL09AI4889,Mahindra,XUV700,Red,Priya Malhotra,ENG000084890,CHS00000084890
8286,DL01AA8285,Maruti,Swift,Black,Pooja Mehta,ENG000008286,CHS00000008286
83284,DL09AI3283,Maruti,Swift,Black,Rahul Singh,ENG000083284,CHS00000083284
60853,DL07AG0852,Hyundai,i20,Green,Anjali Mehta,ENG000060853,CHS00000060853
91892,DL10AJ1891,Toyota,Innova,Silver,Vikas Malhotra,ENG000091892,CHS00000091892
39609,DL04AD9608,Toyota,Innova,Green,Pooja Mehta,ENG000039609,CHS00000039609
85098,DL09AI5097,Honda,City,Grey,Rohit Yadav,ENG000085098,CHS00000085098
53517,DL06AF3516,Tata,Nexon,Red,Pooja Chopra,ENG000053517,CHS00000053517
15293,DL02AB5292,Tata,Punch,White,Rohit Malhotra,ENG000015293,CHS00000015293
18321,DL02AB8320,Maruti,Swift,Silver,Pooja Singh,ENG000018321,CHS00000018321
5944,DL01AA5943,Honda,Amaze,Silver,Manish Gupta,ENG000005944,CHS00000005944
4878,DL01AA4877,Tata,Nexon,Black,Manish Singh,ENG000004878,CHS00000004878
39894,DL04AD9893,Honda,Amaze,Silver,Rahul Yadav,ENG000039894,CHS00000039894
64570,DL07AG4569,Hyundai,Creta,Brown,Rohit Patel,ENG000064570,CHS00000064570
15221,DL02AB5220,Tata,Nexon,Brown,Manish Bansal,ENG000015221,CHS00000015221
12740,DL02AB2739,Honda,Amaze,Blue,Vikas Malhotra,ENG000012740,CHS00000012740
30776,DL04AD0775,Hyundai,i20,Silver,Priya Malhotra,ENG000030776,CHS00000030776
70458,DL08AH0457,Kia,Seltos,Grey,Rahul Sharma,ENG000070458,CHS00000070458
17782,DL02AB7781,Toyota,Innova,Grey,Vikas Verma,ENG000017782,CHS00000017782
50941,DL06AF0940,Hyundai,i20,Blue,Pooja Sharma,ENG000050941,CHS00000050941
59460,DL06AF9459,Hyundai,Creta,Grey,Kavya Chopra,ENG000059460,CHS00000059460
48630,DL05AE8629,Honda,Amaze,Brown,Kavya Malhotra,ENG000048630,CHS00000048630
87882,DL09AI7881,Honda,Amaze,Grey,Deepak Chopra,ENG000087882,CHS00000087882
97405,DL10AJ7404,Honda,City,Blue,Deepak Bansal,ENG000097405,CHS00000097405
91290,DL10AJ1289,Tata,Nexon,Silver,Priya Patel,ENG000091290,CHS00000091290
70805,DL08AH0804,Toyota,Innova,Blue,Anjali Mishra,ENG000070805,CHS00000070805
54936,DL06AF4935,Maruti,Swift,Grey,Arjun Chopra,ENG000054936,CHS00000054936
76984,DL08AH6983,Toyota,Innova,White,Vikas Gupta,ENG000076984,CHS00000076984
97291,DL10AJ7290,Mahindra,XUV700,Blue,Simran Patel,ENG000097291,CHS00000097291
